geoid,rural_ruca,rural_fhfa,rural_forhp,rural_rucc,rural_uic,rural_cdc,rural_cbsa_2020,rural_cbsa_2013,rural_far,geoid_st
13001950100,1,1,1,1,1,1,1,1,0,13
13001950200,1,1,1,1,1,1,1,1,0,13
13001950300,1,1,1,1,1,1,1,1,0,13
13001950400,1,1,1,1,1,1,1,1,0,13
13001950500,1,1,1,1,1,1,1,1,0,13
13003960100,1,1,1,1,1,1,1,1,0,13
13003960200,1,1,1,1,1,1,1,1,0,13
13003960300,1,1,1,1,1,1,1,1,0,13
13005970100,1,1,1,1,1,1,1,1,0,13
13005970201,1,1,1,1,1,1,1,1,1,13
13005970202,1,1,1,1,1,1,1,1,1,13
13007960100,0,1,1,0,0,0,1,0,0,13
13007960200,0,1,1,0,0,0,1,0,0,13
13009970100,1,1,1,1,1,1,1,1,0,13
13009970200,1,1,1,1,1,1,1,1,0,13
13009970300,1,1,1,1,1,1,1,1,0,13
13009970400,1,1,1,1,1,1,1,1,0,13
13009970500,1,1,1,1,1,1,1,1,0,13
13009970600,1,1,1,1,1,1,1,1,0,13
13009970701,1,1,1,1,1,1,1,1,0,13
13009970702,1,1,1,1,1,1,1,1,0,13
13009970800,1,1,1,1,1,1,1,1,0,13
13011970100,0,1,1,1,1,1,1,1,0,13
13011970200,1,1,1,1,1,1,1,1,0,13
13011970300,0,1,1,1,1,1,1,1,0,13
13011970400,1,1,1,1,1,1,1,1,0,13
13013180103,0,0,0,0,0,0,0,0,0,13
13013180104,0,0,0,0,0,0,0,0,0,13
13013180105,0,0,0,0,0,0,0,0,0,13
13013180106,0,0,0,0,0,0,0,0,0,13
13013180107,0,0,0,0,0,0,0,0,0,13
13013180108,0,0,0,0,0,0,0,0,0,13
13013180203,0,0,0,0,0,0,0,0,0,13
13013180204,0,0,0,0,0,0,0,0,0,13
13013180205,0,0,0,0,0,0,0,0,0,13
13013180206,0,0,0,0,0,0,0,0,0,13
13013180301,0,0,0,0,0,0,0,0,0,13
13013180302,0,0,0,0,0,0,0,0,0,13
13013180303,0,0,0,0,0,0,0,0,0,13
13013180401,0,0,0,0,0,0,0,0,0,13
13013180402,0,0,0,0,0,0,0,0,0,13
13013180501,0,0,0,0,0,0,0,0,0,13
13013180502,0,0,0,0,0,0,0,0,0,13
13013180503,0,0,0,0,0,0,0,0,0,13
13015960101,0,1,0,0,0,0,0,0,0,13
13015960102,0,1,0,0,0,0,0,0,0,13
13015960200,1,1,1,0,0,0,0,0,0,13
13015960300,0,1,0,0,0,0,0,0,0,13
13015960401,0,0,0,0,0,0,0,0,0,13
13015960402,0,0,0,0,0,0,0,0,0,13
13015960500,0,0,0,0,0,0,0,0,0,13
13015960600,0,0,0,0,0,0,0,0,0,13
13015960700,0,0,0,0,0,0,0,0,0,13
13015960801,0,0,0,0,0,0,0,0,0,13
13015960802,0,0,0,0,0,0,0,0,0,13
13015960803,0,0,0,0,0,0,0,0,0,13
13015960901,0,0,0,0,0,0,0,0,0,13
13015960902,0,0,0,0,0,0,0,0,0,13
13015961000,0,0,0,0,0,0,0,0,0,13
13017960100,1,1,1,1,1,1,1,1,1,13
13017960200,1,1,1,1,1,1,1,1,0,13
13017960300,1,1,1,1,1,1,1,1,1,13
13017960400,1,1,1,1,1,1,1,1,1,13
13017960500,1,1,1,1,1,1,1,1,1,13
13019970100,0,1,1,1,1,1,1,1,0,13
13019970200,1,1,1,1,1,1,1,1,0,13
13019970300,0,1,1,1,1,1,1,1,0,13
13019970400,0,1,1,1,1,1,1,1,0,13
13019970500,0,1,1,1,1,1,1,1,0,13
13019970600,0,1,1,1,1,1,1,1,0,13
13021010100,0,0,0,0,0,0,0,0,0,13
13021010200,0,0,0,0,0,0,0,0,0,13
13021010300,0,0,0,0,0,0,0,0,0,13
13021010400,0,0,0,0,0,0,0,0,0,13
13021010500,0,0,0,0,0,0,0,0,0,13
13021010800,0,0,0,0,0,0,0,0,0,13
13021011000,0,0,0,0,0,0,0,0,0,13
13021011100,0,0,0,0,0,0,0,0,0,13
13021011500,0,0,0,0,0,0,0,0,0,13
13021011701,0,0,0,0,0,0,0,0,0,13
13021011702,0,0,0,0,0,0,0,0,0,13
13021011800,0,0,0,0,0,0,0,0,0,13
13021011900,0,0,0,0,0,0,0,0,0,13
13021012000,0,0,0,0,0,0,0,0,0,13
13021012101,0,0,0,0,0,0,0,0,0,13
13021012102,0,0,0,0,0,0,0,0,0,13
13021012200,0,0,0,0,0,0,0,0,0,13
13021012300,0,0,0,0,0,0,0,0,0,13
13021012400,0,0,0,0,0,0,0,0,0,13
13021012500,0,0,0,0,0,0,0,0,0,13
13021012600,0,0,0,0,0,0,0,0,0,13
13021012700,0,0,0,0,0,0,0,0,0,13
13021012800,0,0,0,0,0,0,0,0,0,13
13021012900,0,0,0,0,0,0,0,0,0,13
13021013101,0,0,0,0,0,0,0,0,0,13
13021013102,0,0,0,0,0,0,0,0,0,13
13021013201,0,0,0,0,0,0,0,0,0,13
13021013202,0,0,0,0,0,0,0,0,0,13
13021013302,0,0,0,0,0,0,0,0,0,13
13021013407,0,0,0,0,0,0,0,0,0,13
13021013408,0,0,0,0,0,0,0,0,0,13
13021013409,0,0,0,0,0,0,0,0,0,13
13021013410,0,0,0,0,0,0,0,0,0,13
13021013411,0,0,0,0,0,0,0,0,0,13
13021013502,0,1,0,0,0,0,0,0,0,13
13021013503,0,0,0,0,0,0,0,0,0,13
13021013504,0,0,0,0,0,0,0,0,0,13
13021013603,0,0,0,0,0,0,0,0,0,13
13021013604,0,0,0,0,0,0,0,0,0,13
13021013605,0,0,0,0,0,0,0,0,0,13
13021013606,0,0,0,0,0,0,0,0,0,13
13021013700,0,0,0,0,0,0,0,0,0,13
13021013800,0,0,0,0,0,0,0,0,0,13
13021013900,0,0,0,0,0,0,0,0,0,13
13023790100,1,1,1,1,1,1,1,1,0,13
13023790200,0,1,1,1,1,1,1,1,0,13
13023790300,0,1,1,1,1,1,1,1,0,13
13025960100,0,1,1,0,0,0,0,0,0,13
13025960200,0,1,1,0,0,0,0,0,0,13
13025960300,1,1,1,0,0,0,0,0,0,13
13027960200,1,1,1,0,0,0,0,0,0,13
13027960300,0,1,0,0,0,0,0,0,0,13
13027960400,0,1,0,0,0,0,0,0,0,13
13027960500,0,1,0,0,0,0,0,0,0,13
13027960600,0,1,0,0,0,0,0,0,0,13
13029920101,0,1,0,0,0,0,0,0,0,13
13029920102,0,1,0,0,0,0,0,0,0,13
13029920301,0,1,0,0,0,0,0,0,0,13
13029920303,0,0,0,0,0,0,0,0,0,13
13029920305,0,0,0,0,0,0,0,0,0,13
13029920306,0,1,0,0,0,0,0,0,0,13
13029980000,1,1,1,0,0,0,0,0,0,13
13031110100,1,1,1,1,1,1,1,1,0,13
13031110200,1,1,1,1,1,1,1,1,0,13
13031110300,1,1,1,1,1,1,1,1,0,13
13031110401,1,1,1,1,1,1,1,1,0,13
13031110403,1,1,1,1,1,1,1,1,0,13
13031110404,1,1,1,1,1,1,1,1,0,13
13031110500,1,1,1,1,1,1,1,1,0,13
13031110601,1,1,1,1,1,1,1,1,0,13
13031110602,1,1,1,1,1,1,1,1,0,13
13031110700,1,1,1,1,1,1,1,1,0,13
13031110800,0,1,1,1,1,1,1,1,0,13
13031110900,0,1,1,1,1,1,1,1,0,13
13033950100,0,1,1,0,0,0,0,0,0,13
13033950200,0,1,1,0,0,0,0,0,0,13
13033950400,0,1,1,0,0,0,0,0,0,13
13033950500,0,1,1,0,0,0,0,0,0,13
13033950700,0,1,1,0,0,0,0,0,0,13
13033950900,1,1,1,0,0,0,0,0,0,13
13035150100,0,1,1,0,0,0,0,0,0,13
13035150200,0,0,1,0,0,0,0,0,0,13
13035150300,0,1,1,0,0,0,0,0,0,13
13037950100,0,1,1,1,1,1,1,1,0,13
13037950200,0,1,1,1,1,1,1,1,0,13
13039010100,0,1,1,1,1,1,1,1,0,13
13039010200,0,1,1,1,1,1,1,1,0,13
13039010301,0,1,1,1,1,1,1,1,0,13
13039010302,0,1,1,1,1,1,1,1,0,13
13039010401,0,1,1,1,1,1,1,1,0,13
13039010402,0,1,1,1,1,1,1,1,0,13
13039010403,0,1,1,1,1,1,1,1,0,13
13039010500,0,1,1,1,1,1,1,1,0,13
13039010601,0,1,1,1,1,1,1,1,0,13
13039010602,1,1,1,1,1,1,1,1,0,13
13039990000,1,1,1,1,1,1,1,1,NA,13
13043950100,1,1,1,1,1,1,1,1,0,13
13043950200,1,1,1,1,1,1,1,1,0,13
13043950300,1,1,1,1,1,1,1,1,0,13
13045910101,0,0,0,0,0,0,0,0,0,13
13045910103,0,0,0,0,0,0,0,0,0,13
13045910104,0,0,0,0,0,0,0,0,0,13
13045910200,0,0,0,0,0,0,0,0,0,13
13045910300,1,1,1,0,0,0,0,0,0,13
13045910400,1,1,1,0,0,0,0,0,0,13
13045910501,1,1,1,0,0,0,0,0,0,13
13045910502,1,1,1,0,0,0,0,0,0,13
13045910600,1,1,1,0,0,0,0,0,0,13
13045910701,1,1,1,0,0,0,0,0,0,13
13045910702,1,1,1,0,0,0,0,0,0,13
13045910703,1,1,1,0,0,0,0,0,0,13
13045910800,0,1,0,0,0,0,0,0,0,13
13045910900,1,1,1,0,0,0,0,0,0,13
13045911000,1,1,1,0,0,0,0,0,0,13
13045911100,1,1,1,0,0,0,0,0,0,13
13045911200,1,1,1,0,0,0,0,0,0,13
13047030100,0,1,0,0,0,0,0,0,0,13
13047030201,0,0,0,0,0,0,0,0,0,13
13047030202,0,0,0,0,0,0,0,0,0,13
13047030301,0,0,0,0,0,0,0,0,0,13
13047030303,0,0,0,0,0,0,0,0,0,13
13047030304,0,0,0,0,0,0,0,0,0,13
13047030401,0,0,0,0,0,0,0,0,0,13
13047030402,0,0,0,0,0,0,0,0,0,13
13047030500,0,0,0,0,0,0,0,0,0,13
13047030600,0,0,0,0,0,0,0,0,0,13
13047030700,0,0,0,0,0,0,0,0,0,13
13049010100,0,1,1,1,1,1,1,1,0,13
13049010200,0,1,1,1,1,1,1,1,0,13
13051000100,0,0,0,0,0,0,0,0,0,13
13051000300,0,0,0,0,0,0,0,0,0,13
13051000601,0,0,0,0,0,0,0,0,0,13
13051000900,0,0,0,0,0,0,0,0,0,13
13051001100,0,0,0,0,0,0,0,0,0,13
13051001200,0,0,0,0,0,0,0,0,0,13
13051001500,0,0,0,0,0,0,0,0,0,13
13051002000,0,0,0,0,0,0,0,0,0,13
13051002100,0,0,0,0,0,0,0,0,0,13
13051002200,0,0,0,0,0,0,0,0,0,13
13051002300,0,0,0,0,0,0,0,0,0,13
13051002600,0,0,0,0,0,0,0,0,0,13
13051002700,0,0,0,0,0,0,0,0,0,13
13051002800,0,0,0,0,0,0,0,0,0,13
13051002900,0,0,0,0,0,0,0,0,0,13
13051003000,0,0,0,0,0,0,0,0,0,13
13051003301,0,0,0,0,0,0,0,0,0,13
13051003302,0,0,0,0,0,0,0,0,0,13
13051003400,0,0,0,0,0,0,0,0,0,13
13051003501,0,0,0,0,0,0,0,0,0,13
13051003502,0,0,0,0,0,0,0,0,0,13
13051003601,0,0,0,0,0,0,0,0,0,13
13051003602,0,0,0,0,0,0,0,0,0,13
13051003700,0,0,0,0,0,0,0,0,0,13
13051003800,0,0,0,0,0,0,0,0,0,13
13051003900,0,0,0,0,0,0,0,0,0,13
13051004001,0,0,0,0,0,0,0,0,0,13
13051004002,0,0,0,0,0,0,0,0,0,13
13051004100,0,0,0,0,0,0,0,0,0,13
13051004207,0,0,0,0,0,0,0,0,0,13
13051004208,0,0,0,0,0,0,0,0,0,13
13051004209,0,0,0,0,0,0,0,0,0,13
13051004210,0,0,0,0,0,0,0,0,0,13
13051004211,0,0,0,0,0,0,0,0,0,13
13051004212,0,0,0,0,0,0,0,0,0,13
13051004300,0,0,0,0,0,0,0,0,0,13
13051004400,0,0,0,0,0,0,0,0,0,13
13051004500,0,0,0,0,0,0,0,0,0,13
13051010101,0,0,0,0,0,0,0,0,0,13
13051010102,0,0,0,0,0,0,0,0,0,13
13051010200,0,0,0,0,0,0,0,0,0,13
13051010501,0,0,0,0,0,0,0,0,0,13
13051010502,0,0,0,0,0,0,0,0,0,13
13051010601,0,0,0,0,0,0,0,0,0,13
13051010603,0,0,0,0,0,0,0,0,0,13
13051010605,1,1,0,0,0,0,0,0,0,13
13051010700,0,0,0,0,0,0,0,0,0,13
13051010801,0,0,0,0,0,0,0,0,0,13
13051010802,0,0,0,0,0,0,0,0,0,13
13051010803,0,0,0,0,0,0,0,0,0,13
13051010806,0,0,0,0,0,0,0,0,0,13
13051010807,0,0,0,0,0,0,0,0,0,13
13051010808,0,0,0,0,0,0,0,0,0,13
13051010809,0,0,0,0,0,0,0,0,0,13
13051010901,0,0,0,0,0,0,0,0,0,13
13051011003,0,0,0,0,0,0,0,0,0,13
13051011004,0,0,0,0,0,0,0,0,0,13
13051011005,0,0,0,0,0,0,0,0,0,13
13051011006,0,0,0,0,0,0,0,0,0,13
13051011103,0,0,0,0,0,0,0,0,0,13
13051011104,0,0,0,0,0,0,0,0,0,13
13051011106,0,0,0,0,0,0,0,0,0,13
13051011107,0,0,0,0,0,0,0,0,0,13
13051011108,0,0,0,0,0,0,0,0,0,13
13051011109,0,0,0,0,0,0,0,0,0,13
13051011200,0,0,0,0,0,0,0,0,0,13
13051011300,0,0,0,0,0,0,0,0,0,13
13051011400,0,0,0,0,0,0,0,0,0,13
13051011500,0,0,0,0,0,0,0,0,0,13
13051011600,0,0,0,0,0,0,0,0,0,13
13051980000,0,0,0,0,0,0,0,0,0,13
13051990000,1,1,0,0,0,0,0,0,NA,13
13053020100,0,1,0,0,0,0,0,0,0,13
13053020201,0,0,0,0,0,0,0,0,0,13
13053020203,0,0,0,0,0,0,0,0,0,13
13053020205,0,0,0,0,0,0,0,0,0,13
13053020206,1,1,1,0,0,0,0,0,0,13
13055010100,0,1,1,1,1,1,1,1,0,13
13055010200,1,1,1,1,1,1,1,1,0,13
13055010300,1,1,1,1,1,1,1,1,0,13
13055010400,1,1,1,1,1,1,1,1,0,13
13055010500,1,1,1,1,1,1,1,1,0,13
13055010600,0,1,1,1,1,1,1,1,0,13
13057090100,0,1,0,0,0,0,0,0,0,13
13057090200,0,1,0,0,0,0,0,0,0,13
13057090300,0,0,0,0,0,0,0,0,0,13
13057090400,0,0,0,0,0,0,0,0,0,13
13057090501,0,1,0,0,0,0,0,0,0,13
13057090502,0,0,0,0,0,0,0,0,0,13
13057090601,0,0,0,0,0,0,0,0,0,13
13057090602,0,0,0,0,0,0,0,0,0,13
13057090701,0,0,0,0,0,0,0,0,0,13
13057090702,0,0,0,0,0,0,0,0,0,13
13057090802,0,0,0,0,0,0,0,0,0,13
13057090803,0,0,0,0,0,0,0,0,0,13
13057090804,0,0,0,0,0,0,0,0,0,13
13057090901,0,0,0,0,0,0,0,0,0,13
13057090902,0,0,0,0,0,0,0,0,0,13
13057090904,0,0,0,0,0,0,0,0,0,13
13057090905,0,0,0,0,0,0,0,0,0,13
13057091001,0,0,0,0,0,0,0,0,0,13
13057091003,0,0,0,0,0,0,0,0,0,13
13057091005,0,0,0,0,0,0,0,0,0,13
13057091006,0,0,0,0,0,0,0,0,0,13
13057091007,0,0,0,0,0,0,0,0,0,13
13057091008,0,0,0,0,0,0,0,0,0,13
13057091101,0,0,0,0,0,0,0,0,0,13
13057091102,0,0,0,0,0,0,0,0,0,13
13057091103,0,0,0,0,0,0,0,0,0,13
13059000100,0,0,0,0,0,0,0,0,0,13
13059000401,0,0,0,0,0,0,0,0,0,13
13059000402,0,0,0,0,0,0,0,0,0,13
13059000600,0,0,0,0,0,0,0,0,0,13
13059000900,0,0,0,0,0,0,0,0,0,13
13059001200,0,0,0,0,0,0,0,0,0,13
13059001700,0,0,0,0,0,0,0,0,0,13
13059001800,0,0,0,0,0,0,0,0,0,13
13059001900,0,0,0,0,0,0,0,0,0,13
13059002000,0,0,0,0,0,0,0,0,0,13
13059002100,0,0,0,0,0,0,0,0,0,13
13059002200,0,0,0,0,0,0,0,0,0,13
13059030100,0,0,0,0,0,0,0,0,0,13
13059030200,0,0,0,0,0,0,0,0,0,13
13059130300,0,0,0,0,0,0,0,0,0,13
13059130400,0,0,0,0,0,0,0,0,0,13
13059130500,0,0,0,0,0,0,0,0,0,13
13059130600,0,0,0,0,0,0,0,0,0,13
13059130700,0,0,0,0,0,0,0,0,0,13
13059140300,0,0,0,0,0,0,0,0,0,13
13059140400,0,0,0,0,0,0,0,0,0,13
13059140500,0,0,0,0,0,0,0,0,0,13
13059140600,0,0,0,0,0,0,0,0,0,13
13059150300,0,0,0,0,0,0,0,0,0,13
13059150400,0,0,0,0,0,0,0,0,0,13
13059150500,0,0,0,0,0,0,0,0,0,13
13059150600,0,0,0,0,0,0,0,0,0,13
13059150700,0,0,0,0,0,0,0,0,0,13
13059150800,0,0,0,0,0,0,0,0,0,13
13059150900,0,0,0,0,0,0,0,0,0,13
13061960300,1,1,1,1,1,1,1,1,0,13
13063040202,0,0,0,0,0,0,0,0,0,13
13063040203,0,0,0,0,0,0,0,0,0,13
13063040204,0,0,0,0,0,0,0,0,0,13
13063040302,0,0,0,0,0,0,0,0,0,13
13063040303,0,0,0,0,0,0,0,0,0,13
13063040306,0,0,0,0,0,0,0,0,0,13
13063040307,0,0,0,0,0,0,0,0,0,13
13063040308,0,0,0,0,0,0,0,0,0,13
13063040407,0,0,0,0,0,0,0,0,0,13
13063040408,0,0,0,0,0,0,0,0,0,13
13063040409,0,0,0,0,0,0,0,0,0,13
13063040410,0,0,0,0,0,0,0,0,0,13
13063040411,0,0,0,0,0,0,0,0,0,13
13063040412,0,0,0,0,0,0,0,0,0,13
13063040413,0,0,0,0,0,0,0,0,0,13
13063040414,0,0,0,0,0,0,0,0,0,13
13063040415,0,0,0,0,0,0,0,0,0,13
13063040416,0,0,0,0,0,0,0,0,0,13
13063040417,0,0,0,0,0,0,0,0,0,13
13063040509,0,0,0,0,0,0,0,0,0,13
13063040510,0,0,0,0,0,0,0,0,0,13
13063040512,0,0,0,0,0,0,0,0,0,13
13063040513,0,0,0,0,0,0,0,0,0,13
13063040514,0,0,0,0,0,0,0,0,0,13
13063040515,0,0,0,0,0,0,0,0,0,13
13063040516,0,0,0,0,0,0,0,0,0,13
13063040518,0,0,0,0,0,0,0,0,0,13
13063040519,0,0,0,0,0,0,0,0,0,13
13063040520,0,0,0,0,0,0,0,0,0,13
13063040521,0,0,0,0,0,0,0,0,0,13
13063040522,0,0,0,0,0,0,0,0,0,13
13063040523,0,0,0,0,0,0,0,0,0,13
13063040524,0,0,0,0,0,0,0,0,0,13
13063040525,0,0,0,0,0,0,0,0,0,13
13063040526,0,0,0,0,0,0,0,0,0,13
13063040606,0,0,0,0,0,0,0,0,0,13
13063040608,0,0,0,0,0,0,0,0,0,13
13063040609,0,0,0,0,0,0,0,0,0,13
13063040611,0,0,0,0,0,0,0,0,0,13
13063040612,0,0,0,0,0,0,0,0,0,13
13063040613,0,0,0,0,0,0,0,0,0,13
13063040614,0,0,0,0,0,0,0,0,0,13
13063040615,0,0,0,0,0,0,0,0,0,13
13063040616,0,0,0,0,0,0,0,0,0,13
13063040617,0,0,0,0,0,0,0,0,0,13
13063040619,0,0,0,0,0,0,0,0,0,13
13063040620,0,0,0,0,0,0,0,0,0,13
13063040621,0,0,0,0,0,0,0,0,0,13
13063040622,0,0,0,0,0,0,0,0,0,13
13063980000,1,1,0,0,0,0,0,0,0,13
13065970100,1,1,1,1,1,1,1,1,0,13
13065970200,1,1,1,1,1,1,1,1,0,13
13067030101,0,0,0,0,0,0,0,0,0,13
13067030103,0,0,0,0,0,0,0,0,0,13
13067030104,0,0,0,0,0,0,0,0,0,13
13067030106,0,0,0,0,0,0,0,0,0,13
13067030107,0,0,0,0,0,0,0,0,0,13
13067030209,0,0,0,0,0,0,0,0,0,13
13067030214,0,0,0,0,0,0,0,0,0,13
13067030215,0,0,0,0,0,0,0,0,0,13
13067030218,0,0,0,0,0,0,0,0,0,13
13067030219,0,0,0,0,0,0,0,0,0,13
13067030220,0,0,0,0,0,0,0,0,0,13
13067030222,0,0,0,0,0,0,0,0,0,13
13067030223,0,0,0,0,0,0,0,0,0,13
13067030224,0,0,0,0,0,0,0,0,0,13
13067030226,0,0,0,0,0,0,0,0,0,13
13067030227,0,0,0,0,0,0,0,0,0,13
13067030228,0,0,0,0,0,0,0,0,0,13
13067030229,0,0,0,0,0,0,0,0,0,13
13067030230,0,0,0,0,0,0,0,0,0,13
13067030231,0,0,0,0,0,0,0,0,0,13
13067030232,0,0,0,0,0,0,0,0,0,13
13067030233,0,0,0,0,0,0,0,0,0,13
13067030234,0,0,0,0,0,0,0,0,0,13
13067030235,0,0,0,0,0,0,0,0,0,13
13067030236,0,0,0,0,0,0,0,0,0,13
13067030238,0,0,0,0,0,0,0,0,0,13
13067030239,0,0,0,0,0,0,0,0,0,13
13067030310,0,0,0,0,0,0,0,0,0,13
13067030311,0,0,0,0,0,0,0,0,0,13
13067030312,0,0,0,0,0,0,0,0,0,13
13067030313,0,0,0,0,0,0,0,0,0,13
13067030314,0,0,0,0,0,0,0,0,0,13
13067030318,0,0,0,0,0,0,0,0,0,13
13067030319,0,0,0,0,0,0,0,0,0,13
13067030320,0,0,0,0,0,0,0,0,0,13
13067030322,0,0,0,0,0,0,0,0,0,13
13067030324,0,0,0,0,0,0,0,0,0,13
13067030326,0,0,0,0,0,0,0,0,0,13
13067030327,0,0,0,0,0,0,0,0,0,13
13067030328,0,0,0,0,0,0,0,0,0,13
13067030329,0,0,0,0,0,0,0,0,0,13
13067030330,0,0,0,0,0,0,0,0,0,13
13067030331,0,0,0,0,0,0,0,0,0,13
13067030332,0,0,0,0,0,0,0,0,0,13
13067030333,0,0,0,0,0,0,0,0,0,13
13067030334,0,0,0,0,0,0,0,0,0,13
13067030335,0,0,0,0,0,0,0,0,0,13
13067030336,0,0,0,0,0,0,0,0,0,13
13067030337,0,0,0,0,0,0,0,0,0,13
13067030339,0,0,0,0,0,0,0,0,0,13
13067030340,0,0,0,0,0,0,0,0,0,13
13067030341,0,0,0,0,0,0,0,0,0,13
13067030342,0,0,0,0,0,0,0,0,0,13
13067030343,0,0,0,0,0,0,0,0,0,13
13067030344,0,0,0,0,0,0,0,0,0,13
13067030345,0,0,0,0,0,0,0,0,0,13
13067030405,0,0,0,0,0,0,0,0,0,13
13067030407,0,0,0,0,0,0,0,0,0,13
13067030408,0,0,0,0,0,0,0,0,0,13
13067030409,0,0,0,0,0,0,0,0,0,13
13067030410,0,0,0,0,0,0,0,0,0,13
13067030411,0,0,0,0,0,0,0,0,0,13
13067030412,0,0,0,0,0,0,0,0,0,13
13067030413,0,0,0,0,0,0,0,0,0,13
13067030414,0,0,0,0,0,0,0,0,0,13
13067030502,0,0,0,0,0,0,0,0,0,13
13067030504,0,0,0,0,0,0,0,0,0,13
13067030505,0,0,0,0,0,0,0,0,0,13
13067030506,0,0,0,0,0,0,0,0,0,13
13067030507,0,0,0,0,0,0,0,0,0,13
13067030601,0,0,0,0,0,0,0,0,0,13
13067030602,0,0,0,0,0,0,0,0,0,13
13067030700,0,0,0,0,0,0,0,0,0,13
13067030800,0,0,0,0,0,0,0,0,0,13
13067030901,0,0,0,0,0,0,0,0,0,13
13067030902,0,0,0,0,0,0,0,0,0,13
13067030904,0,0,0,0,0,0,0,0,0,13
13067030905,0,0,0,0,0,0,0,0,0,13
13067031001,0,0,0,0,0,0,0,0,0,13
13067031002,0,0,0,0,0,0,0,0,0,13
13067031004,0,0,0,0,0,0,0,0,0,13
13067031005,0,0,0,0,0,0,0,0,0,13
13067031101,0,0,0,0,0,0,0,0,0,13
13067031106,0,0,0,0,0,0,0,0,0,13
13067031108,0,0,0,0,0,0,0,0,0,13
13067031110,0,0,0,0,0,0,0,0,0,13
13067031111,0,0,0,0,0,0,0,0,0,13
13067031112,0,0,0,0,0,0,0,0,0,13
13067031113,0,0,0,0,0,0,0,0,0,13
13067031114,0,0,0,0,0,0,0,0,0,13
13067031115,0,0,0,0,0,0,0,0,0,13
13067031116,0,0,0,0,0,0,0,0,0,13
13067031117,0,0,0,0,0,0,0,0,0,13
13067031118,0,0,0,0,0,0,0,0,0,13
13067031205,0,0,0,0,0,0,0,0,0,13
13067031206,0,0,0,0,0,0,0,0,0,13
13067031207,0,0,0,0,0,0,0,0,0,13
13067031208,0,0,0,0,0,0,0,0,0,13
13067031209,0,0,0,0,0,0,0,0,0,13
13067031211,0,0,0,0,0,0,0,0,0,13
13067031212,0,0,0,0,0,0,0,0,0,13
13067031306,0,0,0,0,0,0,0,0,0,13
13067031307,0,0,0,0,0,0,0,0,0,13
13067031308,0,0,0,0,0,0,0,0,0,13
13067031309,0,0,0,0,0,0,0,0,0,13
13067031310,0,0,0,0,0,0,0,0,0,13
13067031311,0,0,0,0,0,0,0,0,0,13
13067031312,0,0,0,0,0,0,0,0,0,13
13067031313,0,0,0,0,0,0,0,0,0,13
13067031404,0,0,0,0,0,0,0,0,0,13
13067031405,0,0,0,0,0,0,0,0,0,13
13067031406,0,0,0,0,0,0,0,0,0,13
13067031408,0,0,0,0,0,0,0,0,0,13
13067031409,0,0,0,0,0,0,0,0,0,13
13067031503,0,0,0,0,0,0,0,0,0,13
13067031505,0,0,0,0,0,0,0,0,0,13
13067031506,0,0,0,0,0,0,0,0,0,13
13067031507,0,0,0,0,0,0,0,0,0,13
13067031508,0,0,0,0,0,0,0,0,0,13
13067031509,0,0,0,0,0,0,0,0,0,13
13069010100,1,1,1,1,1,1,1,1,1,13
13069010200,1,1,1,1,1,1,1,1,1,13
13069010300,1,1,1,1,1,1,1,1,1,13
13069010400,1,1,1,1,1,1,1,1,1,13
13069010500,1,1,1,1,1,1,1,1,0,13
13069010600,1,1,1,1,1,1,1,1,0,13
13069010700,1,1,1,1,1,1,1,1,0,13
13069010801,1,1,1,1,1,1,1,1,0,13
13069010802,1,1,1,1,1,1,1,1,0,13
13071970100,1,1,1,1,1,1,1,1,0,13
13071970200,1,1,1,1,1,1,1,1,0,13
13071970300,1,1,1,1,1,1,1,1,0,13
13071970400,1,1,1,1,1,1,1,1,0,13
13071970500,1,1,1,1,1,1,1,1,0,13
13071970600,1,1,1,1,1,1,1,1,0,13
13071970701,1,1,1,1,1,1,1,1,0,13
13071970702,1,1,1,1,1,1,1,1,0,13
13071970800,1,1,1,1,1,1,1,1,0,13
13071970900,1,1,1,1,1,1,1,1,0,13
13073030102,0,0,0,0,0,0,0,0,0,13
13073030103,0,0,0,0,0,0,0,0,0,13
13073030105,0,0,0,0,0,0,0,0,0,13
13073030106,0,0,0,0,0,0,0,0,0,13
13073030201,0,0,0,0,0,0,0,0,0,13
13073030202,0,0,0,0,0,0,0,0,0,13
13073030203,0,0,0,0,0,0,0,0,0,13
13073030302,0,0,0,0,0,0,0,0,0,13
13073030304,0,0,0,0,0,0,0,0,0,13
13073030306,0,0,0,0,0,0,0,0,0,13
13073030307,0,0,0,0,0,0,0,0,0,13
13073030308,0,0,0,0,0,0,0,0,0,13
13073030309,0,0,0,0,0,0,0,0,0,13
13073030401,0,1,0,0,0,0,0,0,0,13
13073030402,0,0,0,0,0,0,0,0,0,13
13073030503,0,0,0,0,0,0,0,0,0,13
13073030504,0,1,0,0,0,0,0,0,0,13
13073030505,0,0,0,0,0,0,0,0,0,13
13073030506,0,0,0,0,0,0,0,0,0,13
13073030603,0,0,0,0,0,0,0,0,0,13
13075960100,1,1,1,1,1,1,1,1,0,13
13075960200,0,1,1,1,1,1,1,1,0,13
13075960300,0,1,1,1,1,1,1,1,0,13
13075960400,0,1,1,1,1,1,1,1,0,13
13077170100,0,1,0,0,0,0,0,0,0,13
13077170200,0,0,0,0,0,0,0,0,0,13
13077170303,0,0,0,0,0,0,0,0,0,13
13077170304,0,0,0,0,0,0,0,0,0,13
13077170305,0,0,0,0,0,0,0,0,0,13
13077170306,0,0,0,0,0,0,0,0,0,13
13077170402,0,0,0,0,0,0,0,0,0,13
13077170403,0,0,0,0,0,0,0,0,0,13
13077170404,0,0,0,0,0,0,0,0,0,13
13077170405,0,0,0,0,0,0,0,0,0,13
13077170406,0,0,0,0,0,0,0,0,0,13
13077170501,0,0,0,0,0,0,0,0,0,13
13077170502,0,0,0,0,0,0,0,0,0,13
13077170503,0,0,0,0,0,0,0,0,0,13
13077170601,0,0,0,0,0,0,0,0,0,13
13077170602,0,0,0,0,0,0,0,0,0,13
13077170603,0,0,0,0,0,0,0,0,0,13
13077170700,0,0,0,0,0,0,0,0,0,13
13077170801,0,1,0,0,0,0,0,0,0,13
13077170802,0,1,0,0,0,0,0,0,0,13
13079070100,0,1,1,0,0,0,0,0,0,13
13079070201,0,1,1,0,0,0,0,0,0,13
13079070202,1,1,1,0,0,0,0,0,0,13
13081010100,1,1,1,1,1,1,1,1,0,13
13081010201,1,1,1,1,1,1,1,1,0,13
13081010202,1,1,1,1,1,1,1,1,0,13
13081010300,1,1,1,1,1,1,1,1,0,13
13081010400,1,1,1,1,1,1,1,1,0,13
13081010500,1,1,1,1,1,1,1,1,0,13
13083040101,0,1,0,0,0,0,0,0,0,13
13083040102,0,1,0,0,0,0,0,0,0,13
13083040200,0,1,0,0,0,0,0,0,0,13
13083040300,0,0,0,0,0,0,0,0,0,13
13085970100,0,1,0,0,0,0,0,0,0,13
13085970201,0,0,0,0,0,0,0,0,0,13
13085970202,0,1,0,0,0,0,0,0,0,13
13087970100,1,1,1,1,1,1,1,1,0,13
13087970200,1,1,1,1,1,1,1,1,0,13
13087970300,1,1,1,1,1,1,1,1,0,13
13087970400,1,1,1,1,1,1,1,1,0,13
13087970600,1,1,1,1,1,1,1,1,0,13
13087970700,0,1,1,1,1,1,1,1,0,13
13087970800,0,1,1,1,1,1,1,1,0,13
13089020100,0,0,0,0,0,0,0,0,0,13
13089020200,0,0,0,0,0,0,0,0,0,13
13089020300,0,0,0,0,0,0,0,0,0,13
13089020400,0,0,0,0,0,0,0,0,0,13
13089020500,0,0,0,0,0,0,0,0,0,13
13089020600,0,0,0,0,0,0,0,0,0,13
13089020700,0,0,0,0,0,0,0,0,0,13
13089020801,0,0,0,0,0,0,0,0,0,13
13089020802,0,0,0,0,0,0,0,0,0,13
13089020900,0,0,0,0,0,0,0,0,0,13
13089021101,0,0,0,0,0,0,0,0,0,13
13089021102,0,0,0,0,0,0,0,0,0,13
13089021202,0,0,0,0,0,0,0,0,0,13
13089021204,0,0,0,0,0,0,0,0,0,13
13089021208,0,0,0,0,0,0,0,0,0,13
13089021209,0,0,0,0,0,0,0,0,0,13
13089021210,0,0,0,0,0,0,0,0,0,13
13089021211,0,0,0,0,0,0,0,0,0,13
13089021213,0,0,0,0,0,0,0,0,0,13
13089021214,0,0,0,0,0,0,0,0,0,13
13089021215,0,0,0,0,0,0,0,0,0,13
13089021216,0,0,0,0,0,0,0,0,0,13
13089021217,0,0,0,0,0,0,0,0,0,13
13089021218,0,0,0,0,0,0,0,0,0,13
13089021301,0,0,0,0,0,0,0,0,0,13
13089021303,0,0,0,0,0,0,0,0,0,13
13089021305,0,0,0,0,0,0,0,0,0,13
13089021306,0,0,0,0,0,0,0,0,0,13
13089021307,0,0,0,0,0,0,0,0,0,13
13089021308,0,0,0,0,0,0,0,0,0,13
13089021405,0,0,0,0,0,0,0,0,0,13
13089021409,0,0,0,0,0,0,0,0,0,13
13089021410,0,0,0,0,0,0,0,0,0,13
13089021411,0,0,0,0,0,0,0,0,0,13
13089021412,0,0,0,0,0,0,0,0,0,13
13089021413,0,0,0,0,0,0,0,0,0,13
13089021414,0,0,0,0,0,0,0,0,0,13
13089021415,0,0,0,0,0,0,0,0,0,13
13089021416,0,0,0,0,0,0,0,0,0,13
13089021417,0,0,0,0,0,0,0,0,0,13
13089021502,0,0,0,0,0,0,0,0,0,13
13089021503,0,0,0,0,0,0,0,0,0,13
13089021504,0,0,0,0,0,0,0,0,0,13
13089021602,0,0,0,0,0,0,0,0,0,13
13089021603,0,0,0,0,0,0,0,0,0,13
13089021604,0,0,0,0,0,0,0,0,0,13
13089021605,0,0,0,0,0,0,0,0,0,13
13089021703,0,0,0,0,0,0,0,0,0,13
13089021704,0,0,0,0,0,0,0,0,0,13
13089021705,0,0,0,0,0,0,0,0,0,13
13089021706,0,0,0,0,0,0,0,0,0,13
13089021805,0,0,0,0,0,0,0,0,0,13
13089021806,0,0,0,0,0,0,0,0,0,13
13089021808,0,0,0,0,0,0,0,0,0,13
13089021809,0,0,0,0,0,0,0,0,0,13
13089021810,0,0,0,0,0,0,0,0,0,13
13089021812,0,0,0,0,0,0,0,0,0,13
13089021813,0,0,0,0,0,0,0,0,0,13
13089021814,0,0,0,0,0,0,0,0,0,13
13089021906,0,0,0,0,0,0,0,0,0,13
13089021907,0,0,0,0,0,0,0,0,0,13
13089021908,0,0,0,0,0,0,0,0,0,13
13089021909,0,0,0,0,0,0,0,0,0,13
13089021910,0,0,0,0,0,0,0,0,0,13
13089021911,0,0,0,0,0,0,0,0,0,13
13089021912,0,0,0,0,0,0,0,0,0,13
13089021913,0,0,0,0,0,0,0,0,0,13
13089022001,0,0,0,0,0,0,0,0,0,13
13089022004,0,0,0,0,0,0,0,0,0,13
13089022005,0,0,0,0,0,0,0,0,0,13
13089022007,0,0,0,0,0,0,0,0,0,13
13089022008,0,0,0,0,0,0,0,0,0,13
13089022009,0,0,0,0,0,0,0,0,0,13
13089022010,0,0,0,0,0,0,0,0,0,13
13089022100,0,0,0,0,0,0,0,0,0,13
13089022203,0,0,0,0,0,0,0,0,0,13
13089022204,0,0,0,0,0,0,0,0,0,13
13089022301,0,0,0,0,0,0,0,0,0,13
13089022302,0,0,0,0,0,0,0,0,0,13
13089022401,0,0,0,0,0,0,0,0,0,13
13089022402,0,0,0,0,0,0,0,0,0,13
13089022403,0,0,0,0,0,0,0,0,0,13
13089022500,0,0,0,0,0,0,0,0,0,13
13089022600,0,0,0,0,0,0,0,0,0,13
13089022700,0,0,0,0,0,0,0,0,0,13
13089022800,0,0,0,0,0,0,0,0,0,13
13089022900,0,0,0,0,0,0,0,0,0,13
13089023000,0,0,0,0,0,0,0,0,0,13
13089023101,0,0,0,0,0,0,0,0,0,13
13089023102,0,0,0,0,0,0,0,0,0,13
13089023107,0,0,0,0,0,0,0,0,0,13
13089023108,0,0,0,0,0,0,0,0,0,13
13089023111,0,0,0,0,0,0,0,0,0,13
13089023112,0,0,0,0,0,0,0,0,0,13
13089023113,0,0,0,0,0,0,0,0,0,13
13089023114,0,0,0,0,0,0,0,0,0,13
13089023115,0,0,0,0,0,0,0,0,0,13
13089023204,0,0,0,0,0,0,0,0,0,13
13089023206,0,0,0,0,0,0,0,0,0,13
13089023208,0,0,0,0,0,0,0,0,0,13
13089023209,0,0,0,0,0,0,0,0,0,13
13089023210,0,0,0,0,0,0,0,0,0,13
13089023211,0,0,0,0,0,0,0,0,0,13
13089023212,0,0,0,0,0,0,0,0,0,13
13089023213,0,0,0,0,0,0,0,0,0,13
13089023214,0,0,0,0,0,0,0,0,0,13
13089023303,0,0,0,0,0,0,0,0,0,13
13089023306,0,0,0,0,0,0,0,0,0,13
13089023309,0,0,0,0,0,0,0,0,0,13
13089023310,0,0,0,0,0,0,0,0,0,13
13089023311,0,0,0,0,0,0,0,0,0,13
13089023312,0,0,0,0,0,0,0,0,0,13
13089023313,0,0,0,0,0,0,0,0,0,13
13089023314,0,0,0,0,0,0,0,0,0,13
13089023315,0,0,0,0,0,0,0,0,0,13
13089023316,0,0,0,0,0,0,0,0,0,13
13089023410,0,0,0,0,0,0,0,0,0,13
13089023411,0,0,0,0,0,0,0,0,0,13
13089023412,0,0,0,0,0,0,0,0,0,13
13089023413,0,0,0,0,0,0,0,0,0,13
13089023414,0,0,0,0,0,0,0,0,0,13
13089023416,0,0,0,0,0,0,0,0,0,13
13089023418,0,0,0,0,0,0,0,0,0,13
13089023419,0,0,0,0,0,0,0,0,0,13
13089023421,0,0,0,0,0,0,0,0,0,13
13089023422,0,0,0,0,0,0,0,0,0,13
13089023423,0,0,0,0,0,0,0,0,0,13
13089023424,0,0,0,0,0,0,0,0,0,13
13089023425,0,0,0,0,0,0,0,0,0,13
13089023426,0,0,0,0,0,0,0,0,0,13
13089023427,0,0,0,0,0,0,0,0,0,13
13089023428,0,0,0,0,0,0,0,0,0,13
13089023501,0,0,0,0,0,0,0,0,0,13
13089023504,0,0,0,0,0,0,0,0,0,13
13089023505,0,0,0,0,0,0,0,0,0,13
13089023506,0,0,0,0,0,0,0,0,0,13
13089023507,0,0,0,0,0,0,0,0,0,13
13089023601,0,0,0,0,0,0,0,0,0,13
13089023602,0,0,0,0,0,0,0,0,0,13
13089023603,0,0,0,0,0,0,0,0,0,13
13089023700,0,0,0,0,0,0,0,0,0,13
13089023801,0,0,0,0,0,0,0,0,0,13
13089023802,0,0,0,0,0,0,0,0,0,13
13089023803,0,0,0,0,0,0,0,0,0,13
13089980000,1,1,0,0,0,0,0,0,0,13
13091960100,1,1,1,1,1,1,1,1,0,13
13091960200,0,1,1,1,1,1,1,1,0,13
13091960300,1,1,1,1,1,1,1,1,0,13
13091960400,1,1,1,1,1,1,1,1,0,13
13091960500,1,1,1,1,1,1,1,1,0,13
13091960600,1,1,1,1,1,1,1,1,0,13
13093970100,0,1,1,1,1,1,1,1,0,13
13093970200,1,1,1,1,1,1,1,1,0,13
13093970300,1,1,1,1,1,1,1,1,0,13
13095000100,0,0,0,0,0,0,0,0,0,13
13095000200,0,0,0,0,0,0,0,0,0,13
13095000400,0,0,0,0,0,0,0,0,0,13
13095000501,0,0,0,0,0,0,0,0,0,13
13095000502,0,0,0,0,0,0,0,0,0,13
13095000600,0,0,0,0,0,0,0,0,0,13
13095000700,0,0,0,0,0,0,0,0,0,13
13095000800,0,0,0,0,0,0,0,0,0,13
13095000900,0,0,0,0,0,0,0,0,0,13
13095001000,0,0,0,0,0,0,0,0,0,13
13095001100,0,0,0,0,0,0,0,0,0,13
13095001403,0,0,0,0,0,0,0,0,0,13
13095001500,0,0,0,0,0,0,0,0,0,13
13095010302,0,0,0,0,0,0,0,0,0,13
13095010401,0,0,0,0,0,0,0,0,0,13
13095010402,0,0,0,0,0,0,0,0,0,13
13095010403,0,1,0,0,0,0,0,0,0,13
13095010500,0,0,0,0,0,0,0,0,0,13
13095010601,0,0,0,0,0,0,0,0,0,13
13095010602,0,0,0,0,0,0,0,0,0,13
13095010700,0,0,0,0,0,0,0,0,0,13
13095010900,0,0,0,0,0,0,0,0,0,13
13095011000,0,1,0,0,0,0,0,0,0,13
13095011200,0,0,0,0,0,0,0,0,0,13
13095011300,0,0,0,0,0,0,0,0,0,13
13095011400,0,0,0,0,0,0,0,0,0,13
13095011600,0,1,0,0,0,0,0,0,0,13
13097080102,0,0,0,0,0,0,0,0,0,13
13097080103,0,0,0,0,0,0,0,0,0,13
13097080201,0,0,0,0,0,0,0,0,0,13
13097080202,0,0,0,0,0,0,0,0,0,13
13097080301,0,0,0,0,0,0,0,0,0,13
13097080303,0,0,0,0,0,0,0,0,0,13
13097080304,0,0,0,0,0,0,0,0,0,13
13097080402,0,0,0,0,0,0,0,0,0,13
13097080403,0,0,0,0,0,0,0,0,0,13
13097080404,0,0,0,0,0,0,0,0,0,13
13097080505,0,0,0,0,0,0,0,0,0,13
13097080506,0,0,0,0,0,0,0,0,0,13
13097080507,0,0,0,0,0,0,0,0,0,13
13097080508,0,0,0,0,0,0,0,0,0,13
13097080509,0,0,0,0,0,0,0,0,0,13
13097080510,0,0,0,0,0,0,0,0,0,13
13097080511,0,0,0,0,0,0,0,0,0,13
13097080602,0,0,0,0,0,0,0,0,0,13
13097080603,0,0,0,0,0,0,0,0,0,13
13097080604,0,0,0,0,0,0,0,0,0,13
13099090100,0,1,1,1,1,1,1,1,0,13
13099090200,1,1,1,1,1,1,1,1,0,13
13099090300,1,1,1,1,1,1,1,1,0,13
13099090400,1,1,1,1,1,1,1,1,0,13
13099090500,0,1,1,1,1,1,1,1,0,13
13101880100,0,1,1,0,0,0,0,0,0,13
13101880200,1,1,1,0,0,0,0,0,0,13
13103030100,0,1,0,0,0,0,0,0,0,13
13103030202,0,1,0,0,0,0,0,0,0,13
13103030203,0,1,0,0,0,0,0,0,0,13
13103030204,0,1,0,0,0,0,0,0,0,13
13103030301,0,1,0,0,0,0,0,0,0,13
13103030303,0,1,0,0,0,0,0,0,0,13
13103030304,0,0,0,0,0,0,0,0,0,13
13103030305,0,0,0,0,0,0,0,0,0,13
13103030401,0,1,0,0,0,0,0,0,0,13
13103030402,0,0,0,0,0,0,0,0,0,13
13105000100,0,1,1,1,1,1,1,1,0,13
13105000200,1,1,1,1,1,1,1,1,0,13
13105000300,0,1,1,1,1,1,1,1,0,13
13105000400,0,1,1,1,1,1,1,1,0,13
13105000500,1,1,1,1,1,1,1,1,0,13
13107970100,1,1,1,1,1,1,1,1,1,13
13107970200,1,1,1,1,1,1,1,1,0,13
13107970300,1,1,1,1,1,1,1,1,1,13
13107970400,1,1,1,1,1,1,1,1,1,13
13107970500,1,1,1,1,1,1,1,1,1,13
13107970600,1,1,1,1,1,1,1,1,1,13
13109970100,1,1,1,1,1,1,1,1,0,13
13109970200,1,1,1,1,1,1,1,1,0,13
13109970300,1,1,1,1,1,1,1,1,0,13
13111050100,1,1,1,1,1,1,1,1,0,13
13111050200,1,1,1,1,1,1,1,1,0,13
13111050300,0,1,1,1,1,1,1,1,0,13
13111050400,1,1,1,1,1,1,1,1,0,13
13111050500,1,1,1,1,1,1,1,1,0,13
13113140101,0,0,0,0,0,0,0,0,0,13
13113140102,0,0,0,0,0,0,0,0,0,13
13113140203,0,0,0,0,0,0,0,0,0,13
13113140204,0,0,0,0,0,0,0,0,0,13
13113140206,0,0,0,0,0,0,0,0,0,13
13113140207,0,0,0,0,0,0,0,0,0,13
13113140208,0,0,0,0,0,0,0,0,0,13
13113140303,0,0,0,0,0,0,0,0,0,13
13113140304,0,0,0,0,0,0,0,0,0,13
13113140305,0,0,0,0,0,0,0,0,0,13
13113140306,0,0,0,0,0,0,0,0,0,13
13113140307,0,0,0,0,0,0,0,0,0,13
13113140403,0,0,0,0,0,0,0,0,0,13
13113140404,0,0,0,0,0,0,0,0,0,13
13113140405,0,0,0,0,0,0,0,0,0,13
13113140406,0,0,0,0,0,0,0,0,0,13
13113140407,0,0,0,0,0,0,0,0,0,13
13113140408,0,0,0,0,0,0,0,0,0,13
13113140501,0,0,0,0,0,0,0,0,0,13
13113140502,0,1,0,0,0,0,0,0,0,13
13115000100,0,1,0,0,0,0,0,0,0,13
13115000201,0,0,0,0,0,0,0,0,0,13
13115000202,0,1,0,0,0,0,0,0,0,13
13115000300,0,0,0,0,0,0,0,0,0,13
13115000400,0,0,0,0,0,0,0,0,0,13
13115000500,0,0,0,0,0,0,0,0,0,13
13115000600,0,0,0,0,0,0,0,0,0,13
13115000700,0,0,0,0,0,0,0,0,0,13
13115000800,0,0,0,0,0,0,0,0,0,13
13115000900,0,0,0,0,0,0,0,0,0,13
13115001100,0,0,0,0,0,0,0,0,0,13
13115001200,0,0,0,0,0,0,0,0,0,13
13115001300,0,0,0,0,0,0,0,0,0,13
13115001400,0,1,0,0,0,0,0,0,0,13
13115001600,0,0,0,0,0,0,0,0,0,13
13115001701,0,0,0,0,0,0,0,0,0,13
13115001702,0,0,0,0,0,0,0,0,0,13
13115001800,0,0,0,0,0,0,0,0,0,13
13115002000,0,1,0,0,0,0,0,0,0,13
13115002100,0,0,0,0,0,0,0,0,0,13
13117130101,0,0,0,0,0,0,0,0,0,13
13117130102,0,0,0,0,0,0,0,0,0,13
13117130103,0,0,0,0,0,0,0,0,0,13
13117130104,0,0,0,0,0,0,0,0,0,13
13117130105,0,0,0,0,0,0,0,0,0,13
13117130201,0,0,0,0,0,0,0,0,0,13
13117130202,0,0,0,0,0,0,0,0,0,13
13117130203,0,0,0,0,0,0,0,0,0,13
13117130204,0,0,0,0,0,0,0,0,0,13
13117130205,0,0,0,0,0,0,0,0,0,13
13117130301,0,0,0,0,0,0,0,0,0,13
13117130302,0,0,0,0,0,0,0,0,0,13
13117130303,0,0,0,0,0,0,0,0,0,13
13117130304,0,0,0,0,0,0,0,0,0,13
13117130305,0,0,0,0,0,0,0,0,0,13
13117130306,0,0,0,0,0,0,0,0,0,13
13117130307,0,0,0,0,0,0,0,0,0,13
13117130403,0,0,0,0,0,0,0,0,0,13
13117130404,0,0,0,0,0,0,0,0,0,13
13117130405,0,0,0,0,0,0,0,0,0,13
13117130406,0,0,0,0,0,0,0,0,0,13
13117130408,0,0,0,0,0,0,0,0,0,13
13117130409,0,0,0,0,0,0,0,0,0,13
13117130410,0,0,0,0,0,0,0,0,0,13
13117130503,0,0,0,0,0,0,0,0,0,13
13117130504,0,0,0,0,0,0,0,0,0,13
13117130505,0,0,0,0,0,0,0,0,0,13
13117130506,0,0,0,0,0,0,0,0,0,13
13117130507,0,0,0,0,0,0,0,0,0,13
13117130508,0,0,0,0,0,0,0,0,0,13
13117130509,0,0,0,0,0,0,0,0,0,13
13117130510,0,0,0,0,0,0,0,0,0,13
13117130601,0,0,0,0,0,0,0,0,0,13
13117130602,0,0,0,0,0,0,0,0,0,13
13117130603,0,0,0,0,0,0,0,0,0,13
13117130604,0,0,0,0,0,0,0,0,0,13
13117130605,0,0,0,0,0,0,0,0,0,13
13117130606,0,0,0,0,0,0,0,0,0,13
13117130607,0,0,0,0,0,0,0,0,0,13
13117130608,0,0,0,0,0,0,0,0,0,13
13117130609,0,0,0,0,0,0,0,0,0,13
13117130610,0,0,0,0,0,0,0,0,0,13
13117130611,0,0,0,0,0,0,0,0,0,13
13117130612,0,0,0,0,0,0,0,0,0,13
13117130613,0,0,0,0,0,0,0,0,0,13
13119890101,1,1,1,1,1,1,1,1,0,13
13119890102,1,1,1,1,1,1,1,1,0,13
13119890200,1,1,1,1,1,1,1,1,0,13
13119890300,0,1,1,1,1,1,1,1,0,13
13119890400,1,1,1,1,1,1,1,1,0,13
13121000100,0,0,0,0,0,0,0,0,0,13
13121000200,0,0,0,0,0,0,0,0,0,13
13121000400,0,0,0,0,0,0,0,0,0,13
13121000500,0,0,0,0,0,0,0,0,0,13
13121000600,0,0,0,0,0,0,0,0,0,13
13121000700,0,0,0,0,0,0,0,0,0,13
13121001001,0,0,0,0,0,0,0,0,0,13
13121001002,0,0,0,0,0,0,0,0,0,13
13121001100,0,0,0,0,0,0,0,0,0,13
13121001201,0,0,0,0,0,0,0,0,0,13
13121001202,0,0,0,0,0,0,0,0,0,13
13121001300,0,0,0,0,0,0,0,0,0,13
13121001400,0,0,0,0,0,0,0,0,0,13
13121001500,0,0,0,0,0,0,0,0,0,13
13121001600,0,0,0,0,0,0,0,0,0,13
13121001700,0,0,0,0,0,0,0,0,0,13
13121001800,0,0,0,0,0,0,0,0,0,13
13121001900,0,0,0,0,0,0,0,0,0,13
13121002100,0,0,0,0,0,0,0,0,0,13
13121002300,0,0,0,0,0,0,0,0,0,13
13121002400,0,0,0,0,0,0,0,0,0,13
13121002500,0,0,0,0,0,0,0,0,0,13
13121002600,0,0,0,0,0,0,0,0,0,13
13121002800,0,0,0,0,0,0,0,0,0,13
13121002900,0,0,0,0,0,0,0,0,0,13
13121003000,0,0,0,0,0,0,0,0,0,13
13121003100,0,0,0,0,0,0,0,0,0,13
13121003200,0,0,0,0,0,0,0,0,0,13
13121003500,0,0,0,0,0,0,0,0,0,13
13121003600,0,0,0,0,0,0,0,0,0,13
13121003700,1,1,0,0,0,0,0,0,0,13
13121003800,0,0,0,0,0,0,0,0,0,13
13121003900,0,0,0,0,0,0,0,0,0,13
13121004000,0,0,0,0,0,0,0,0,0,13
13121004100,0,0,0,0,0,0,0,0,0,13
13121004200,0,0,0,0,0,0,0,0,0,13
13121004300,0,0,0,0,0,0,0,0,0,13
13121004400,0,0,0,0,0,0,0,0,0,13
13121004800,0,0,0,0,0,0,0,0,0,13
13121004900,0,0,0,0,0,0,0,0,0,13
13121005000,0,0,0,0,0,0,0,0,0,13
13121005200,0,0,0,0,0,0,0,0,0,13
13121005300,0,0,0,0,0,0,0,0,0,13
13121005501,0,0,0,0,0,0,0,0,0,13
13121005502,0,0,0,0,0,0,0,0,0,13
13121005700,0,0,0,0,0,0,0,0,0,13
13121005800,0,0,0,0,0,0,0,0,0,13
13121006000,0,0,0,0,0,0,0,0,0,13
13121006100,0,0,0,0,0,0,0,0,0,13
13121006200,0,0,0,0,0,0,0,0,0,13
13121006300,0,0,0,0,0,0,0,0,0,13
13121006400,0,0,0,0,0,0,0,0,0,13
13121006500,0,0,0,0,0,0,0,0,0,13
13121006601,0,0,0,0,0,0,0,0,0,13
13121006602,0,0,0,0,0,0,0,0,0,13
13121006700,0,0,0,0,0,0,0,0,0,13
13121006801,0,0,0,0,0,0,0,0,0,13
13121006802,0,0,0,0,0,0,0,0,0,13
13121006900,0,0,0,0,0,0,0,0,0,13
13121007001,0,0,0,0,0,0,0,0,0,13
13121007002,0,0,0,0,0,0,0,0,0,13
13121007100,0,0,0,0,0,0,0,0,0,13
13121007200,0,0,0,0,0,0,0,0,0,13
13121007300,0,0,0,0,0,0,0,0,0,13
13121007400,0,0,0,0,0,0,0,0,0,13
13121007500,0,0,0,0,0,0,0,0,0,13
13121007602,0,0,0,0,0,0,0,0,0,13
13121007603,0,0,0,0,0,0,0,0,0,13
13121007604,0,0,0,0,0,0,0,0,0,13
13121007703,0,0,0,0,0,0,0,0,0,13
13121007704,0,0,0,0,0,0,0,0,0,13
13121007705,0,0,0,0,0,0,0,0,0,13
13121007706,0,0,0,0,0,0,0,0,0,13
13121007802,0,0,0,0,0,0,0,0,0,13
13121007805,0,0,0,0,0,0,0,0,0,13
13121007806,0,0,0,0,0,0,0,0,0,13
13121007807,0,0,0,0,0,0,0,0,0,13
13121007808,0,0,0,0,0,0,0,0,0,13
13121007900,0,0,0,0,0,0,0,0,0,13
13121008000,0,0,0,0,0,0,0,0,0,13
13121008101,0,0,0,0,0,0,0,0,0,13
13121008102,0,0,0,0,0,0,0,0,0,13
13121008201,0,0,0,0,0,0,0,0,0,13
13121008202,0,0,0,0,0,0,0,0,0,13
13121008301,0,0,0,0,0,0,0,0,0,13
13121008302,0,0,0,0,0,0,0,0,0,13
13121008400,0,0,0,0,0,0,0,0,0,13
13121008500,0,0,0,0,0,0,0,0,0,13
13121008601,0,0,0,0,0,0,0,0,0,13
13121008602,0,0,0,0,0,0,0,0,0,13
13121008700,0,0,0,0,0,0,0,0,0,13
13121008800,0,0,0,0,0,0,0,0,0,13
13121008902,0,0,0,0,0,0,0,0,0,13
13121008903,0,0,0,0,0,0,0,0,0,13
13121008904,0,0,0,0,0,0,0,0,0,13
13121009000,0,0,0,0,0,0,0,0,0,13
13121009101,0,0,0,0,0,0,0,0,0,13
13121009102,0,0,0,0,0,0,0,0,0,13
13121009200,0,0,0,0,0,0,0,0,0,13
13121009300,0,0,0,0,0,0,0,0,0,13
13121009402,0,0,0,0,0,0,0,0,0,13
13121009403,0,0,0,0,0,0,0,0,0,13
13121009404,0,0,0,0,0,0,0,0,0,13
13121009501,0,0,0,0,0,0,0,0,0,13
13121009502,0,0,0,0,0,0,0,0,0,13
13121009601,0,0,0,0,0,0,0,0,0,13
13121009602,0,0,0,0,0,0,0,0,0,13
13121009603,0,0,0,0,0,0,0,0,0,13
13121009700,0,0,0,0,0,0,0,0,0,13
13121009801,0,0,0,0,0,0,0,0,0,13
13121009802,0,0,0,0,0,0,0,0,0,13
13121009900,0,0,0,0,0,0,0,0,0,13
13121010001,0,0,0,0,0,0,0,0,0,13
13121010002,0,0,0,0,0,0,0,0,0,13
13121010106,0,0,0,0,0,0,0,0,0,13
13121010107,0,0,0,0,0,0,0,0,0,13
13121010108,0,0,0,0,0,0,0,0,0,13
13121010110,0,0,0,0,0,0,0,0,0,13
13121010113,0,0,0,0,0,0,0,0,0,13
13121010114,0,0,0,0,0,0,0,0,0,13
13121010115,0,0,0,0,0,0,0,0,0,13
13121010117,0,0,0,0,0,0,0,0,0,13
13121010118,0,0,0,0,0,0,0,0,0,13
13121010119,0,0,0,0,0,0,0,0,0,13
13121010120,0,0,0,0,0,0,0,0,0,13
13121010121,0,0,0,0,0,0,0,0,0,13
13121010122,0,0,0,0,0,0,0,0,0,13
13121010123,0,0,0,0,0,0,0,0,0,13
13121010204,0,0,0,0,0,0,0,0,0,13
13121010205,0,0,0,0,0,0,0,0,0,13
13121010206,0,0,0,0,0,0,0,0,0,13
13121010208,0,0,0,0,0,0,0,0,0,13
13121010209,0,0,0,0,0,0,0,0,0,13
13121010210,0,0,0,0,0,0,0,0,0,13
13121010211,0,0,0,0,0,0,0,0,0,13
13121010212,0,0,0,0,0,0,0,0,0,13
13121010301,0,0,0,0,0,0,0,0,0,13
13121010303,0,0,0,0,0,0,0,0,0,13
13121010304,0,0,0,0,0,0,0,0,0,13
13121010400,0,0,0,0,0,0,0,0,0,13
13121010507,0,0,0,0,0,0,0,0,0,13
13121010508,0,0,0,0,0,0,0,0,0,13
13121010510,0,0,0,0,0,0,0,0,0,13
13121010511,0,0,0,0,0,0,0,0,0,13
13121010512,0,0,0,0,0,0,0,0,0,13
13121010513,0,0,0,0,0,0,0,0,0,13
13121010514,0,0,0,0,0,0,0,0,0,13
13121010515,0,0,0,0,0,0,0,0,0,13
13121010516,0,0,0,0,0,0,0,0,0,13
13121010601,0,0,0,0,0,0,0,0,0,13
13121010603,0,0,0,0,0,0,0,0,0,13
13121010604,0,0,0,0,0,0,0,0,0,13
13121010800,0,0,0,0,0,0,0,0,0,13
13121011000,0,0,0,0,0,0,0,0,0,13
13121011100,0,0,0,0,0,0,0,0,0,13
13121011201,0,0,0,0,0,0,0,0,0,13
13121011202,0,0,0,0,0,0,0,0,0,13
13121011301,0,0,0,0,0,0,0,0,0,13
13121011303,0,0,0,0,0,0,0,0,0,13
13121011305,0,0,0,0,0,0,0,0,0,13
13121011306,0,0,0,0,0,0,0,0,0,13
13121011405,0,0,0,0,0,0,0,0,0,13
13121011410,0,0,0,0,0,0,0,0,0,13
13121011411,0,0,0,0,0,0,0,0,0,13
13121011412,0,0,0,0,0,0,0,0,0,13
13121011414,0,0,0,0,0,0,0,0,0,13
13121011416,0,0,0,0,0,0,0,0,0,13
13121011417,0,0,0,0,0,0,0,0,0,13
13121011418,0,0,0,0,0,0,0,0,0,13
13121011419,0,0,0,0,0,0,0,0,0,13
13121011420,0,0,0,0,0,0,0,0,0,13
13121011421,0,0,0,0,0,0,0,0,0,13
13121011422,0,0,0,0,0,0,0,0,0,13
13121011423,0,0,0,0,0,0,0,0,0,13
13121011424,0,0,0,0,0,0,0,0,0,13
13121011425,0,0,0,0,0,0,0,0,0,13
13121011426,0,0,0,0,0,0,0,0,0,13
13121011427,0,0,0,0,0,0,0,0,0,13
13121011503,0,0,0,0,0,0,0,0,0,13
13121011504,0,0,0,0,0,0,0,0,0,13
13121011505,0,0,0,0,0,0,0,0,0,13
13121011506,0,0,0,0,0,0,0,0,0,13
13121011610,0,0,0,0,0,0,0,0,0,13
13121011611,0,0,0,0,0,0,0,0,0,13
13121011612,0,0,0,0,0,0,0,0,0,13
13121011613,0,0,0,0,0,0,0,0,0,13
13121011614,0,0,0,0,0,0,0,0,0,13
13121011615,0,0,0,0,0,0,0,0,0,13
13121011616,0,0,0,0,0,0,0,0,0,13
13121011617,0,0,0,0,0,0,0,0,0,13
13121011618,0,0,0,0,0,0,0,0,0,13
13121011619,0,0,0,0,0,0,0,0,0,13
13121011620,0,0,0,0,0,0,0,0,0,13
13121011621,0,0,0,0,0,0,0,0,0,13
13121011622,0,0,0,0,0,0,0,0,0,13
13121011623,0,0,0,0,0,0,0,0,0,13
13121011624,0,0,0,0,0,0,0,0,0,13
13121011625,0,0,0,0,0,0,0,0,0,13
13121011626,0,0,0,0,0,0,0,0,0,13
13121011800,0,0,0,0,0,0,0,0,0,13
13121011900,0,0,0,0,0,0,0,0,0,13
13121012000,0,0,0,0,0,0,0,0,0,13
13121012300,0,0,0,0,0,0,0,0,0,13
13121980000,1,1,0,0,0,0,0,0,0,13
13123080100,0,1,1,1,1,1,1,1,0,13
13123080200,0,1,1,1,1,1,1,1,0,13
13123080300,1,1,1,1,1,1,1,1,0,13
13123080400,0,1,1,1,1,1,1,1,0,13
13123080500,1,1,1,1,1,1,1,1,0,13
13125010100,1,1,1,1,1,1,1,1,0,13
13127000101,0,0,0,0,0,0,0,0,0,13
13127000102,0,0,0,0,0,0,0,0,0,13
13127000200,0,0,0,0,0,0,0,0,0,13
13127000300,0,0,0,0,0,0,0,0,0,13
13127000401,0,0,0,0,0,0,0,0,0,13
13127000403,0,0,0,0,0,0,0,0,0,13
13127000404,0,0,0,0,0,0,0,0,0,13
13127000501,0,0,0,0,0,0,0,0,0,13
13127000503,0,0,0,0,0,0,0,0,0,13
13127000504,0,0,0,0,0,0,0,0,0,13
13127000600,0,0,0,0,0,0,0,0,0,13
13127000700,0,0,0,0,0,0,0,0,0,13
13127000800,0,0,0,0,0,0,0,0,0,13
13127000900,0,0,0,0,0,0,0,0,0,13
13127001000,0,0,0,0,0,0,0,0,0,13
13127990000,1,1,0,0,0,0,0,0,NA,13
13129970100,1,1,1,1,1,1,1,1,0,13
13129970200,1,1,1,1,1,1,1,1,0,13
13129970300,1,1,1,1,1,1,1,1,0,13
13129970400,1,1,1,1,1,1,1,1,0,13
13129970500,1,1,1,1,1,1,1,1,0,13
13129970600,1,1,1,1,1,1,1,1,0,13
13129970700,1,1,1,1,1,1,1,1,0,13
13129970800,1,1,1,1,1,1,1,1,0,13
13129970900,1,1,1,1,1,1,1,1,0,13
13131950100,1,1,1,1,1,1,1,1,0,13
13131950200,0,1,1,1,1,1,1,1,0,13
13131950300,1,1,1,1,1,1,1,1,0,13
13131950400,1,1,1,1,1,1,1,1,0,13
13131950500,1,1,1,1,1,1,1,1,0,13
13131950600,0,1,1,1,1,1,1,1,0,13
13133950100,0,1,1,1,1,1,1,1,0,13
13133950200,0,1,1,1,1,1,1,1,0,13
13133950301,1,1,1,1,1,1,1,1,0,13
13133950302,1,1,1,1,1,1,1,1,0,13
13133950303,1,1,1,1,1,1,1,1,0,13
13133950400,1,1,1,1,1,1,1,1,0,13
13133950500,1,1,1,1,1,1,1,1,0,13
13135050103,0,0,0,0,0,0,0,0,0,13
13135050105,0,0,0,0,0,0,0,0,0,13
13135050106,0,0,0,0,0,0,0,0,0,13
13135050107,0,0,0,0,0,0,0,0,0,13
13135050108,0,0,0,0,0,0,0,0,0,13
13135050109,0,0,0,0,0,0,0,0,0,13
13135050205,0,0,0,0,0,0,0,0,0,13
13135050208,0,0,0,0,0,0,0,0,0,13
13135050209,0,0,0,0,0,0,0,0,0,13
13135050210,0,0,0,0,0,0,0,0,0,13
13135050211,0,0,0,0,0,0,0,0,0,13
13135050212,0,0,0,0,0,0,0,0,0,13
13135050213,0,0,0,0,0,0,0,0,0,13
13135050214,0,0,0,0,0,0,0,0,0,13
13135050215,0,0,0,0,0,0,0,0,0,13
13135050216,0,0,0,0,0,0,0,0,0,13
13135050217,0,0,0,0,0,0,0,0,0,13
13135050218,0,0,0,0,0,0,0,0,0,13
13135050219,0,0,0,0,0,0,0,0,0,13
13135050220,0,0,0,0,0,0,0,0,0,13
13135050304,0,0,0,0,0,0,0,0,0,13
13135050306,0,0,0,0,0,0,0,0,0,13
13135050308,0,0,0,0,0,0,0,0,0,13
13135050309,0,0,0,0,0,0,0,0,0,13
13135050310,0,0,0,0,0,0,0,0,0,13
13135050311,0,0,0,0,0,0,0,0,0,13
13135050313,0,0,0,0,0,0,0,0,0,13
13135050314,0,0,0,0,0,0,0,0,0,13
13135050315,0,0,0,0,0,0,0,0,0,13
13135050317,0,0,0,0,0,0,0,0,0,13
13135050318,0,0,0,0,0,0,0,0,0,13
13135050319,0,0,0,0,0,0,0,0,0,13
13135050320,0,0,0,0,0,0,0,0,0,13
13135050321,0,0,0,0,0,0,0,0,0,13
13135050322,0,0,0,0,0,0,0,0,0,13
13135050410,0,0,0,0,0,0,0,0,0,13
13135050415,0,0,0,0,0,0,0,0,0,13
13135050416,0,0,0,0,0,0,0,0,0,13
13135050417,0,0,0,0,0,0,0,0,0,13
13135050418,0,0,0,0,0,0,0,0,0,13
13135050419,0,0,0,0,0,0,0,0,0,13
13135050421,0,0,0,0,0,0,0,0,0,13
13135050422,0,0,0,0,0,0,0,0,0,13
13135050423,0,0,0,0,0,0,0,0,0,13
13135050424,0,0,0,0,0,0,0,0,0,13
13135050425,0,0,0,0,0,0,0,0,0,13
13135050426,0,0,0,0,0,0,0,0,0,13
13135050427,0,0,0,0,0,0,0,0,0,13
13135050428,0,0,0,0,0,0,0,0,0,13
13135050429,0,0,0,0,0,0,0,0,0,13
13135050430,0,0,0,0,0,0,0,0,0,13
13135050431,0,0,0,0,0,0,0,0,0,13
13135050432,0,0,0,0,0,0,0,0,0,13
13135050433,0,0,0,0,0,0,0,0,0,13
13135050434,0,0,0,0,0,0,0,0,0,13
13135050435,0,0,0,0,0,0,0,0,0,13
13135050436,0,0,0,0,0,0,0,0,0,13
13135050511,0,0,0,0,0,0,0,0,0,13
13135050520,0,0,0,0,0,0,0,0,0,13
13135050521,0,0,0,0,0,0,0,0,0,13
13135050522,0,0,0,0,0,0,0,0,0,13
13135050523,0,0,0,0,0,0,0,0,0,13
13135050524,0,0,0,0,0,0,0,0,0,13
13135050525,0,0,0,0,0,0,0,0,0,13
13135050526,0,0,0,0,0,0,0,0,0,13
13135050527,0,0,0,0,0,0,0,0,0,13
13135050528,0,0,0,0,0,0,0,0,0,13
13135050529,0,0,0,0,0,0,0,0,0,13
13135050530,0,0,0,0,0,0,0,0,0,13
13135050531,0,0,0,0,0,0,0,0,0,13
13135050532,0,0,0,0,0,0,0,0,0,13
13135050533,0,0,0,0,0,0,0,0,0,13
13135050534,0,0,0,0,0,0,0,0,0,13
13135050535,0,0,0,0,0,0,0,0,0,13
13135050536,0,0,0,0,0,0,0,0,0,13
13135050537,0,0,0,0,0,0,0,0,0,13
13135050538,0,0,0,0,0,0,0,0,0,13
13135050539,0,0,0,0,0,0,0,0,0,13
13135050540,0,0,0,0,0,0,0,0,0,13
13135050541,0,0,0,0,0,0,0,0,0,13
13135050542,0,0,0,0,0,0,0,0,0,13
13135050543,0,0,0,0,0,0,0,0,0,13
13135050544,0,0,0,0,0,0,0,0,0,13
13135050545,0,0,0,0,0,0,0,0,0,13
13135050546,0,0,0,0,0,0,0,0,0,13
13135050547,0,0,0,0,0,0,0,0,0,13
13135050548,0,0,0,0,0,0,0,0,0,13
13135050549,0,0,0,0,0,0,0,0,0,13
13135050605,0,0,0,0,0,0,0,0,0,13
13135050606,0,0,0,0,0,0,0,0,0,13
13135050607,0,0,0,0,0,0,0,0,0,13
13135050608,0,0,0,0,0,0,0,0,0,13
13135050609,0,0,0,0,0,0,0,0,0,13
13135050610,0,0,0,0,0,0,0,0,0,13
13135050709,0,0,0,0,0,0,0,0,0,13
13135050712,0,0,0,0,0,0,0,0,0,13
13135050713,0,0,0,0,0,0,0,0,0,13
13135050714,0,0,0,0,0,0,0,0,0,13
13135050715,0,0,0,0,0,0,0,0,0,13
13135050718,0,0,0,0,0,0,0,0,0,13
13135050719,0,0,0,0,0,0,0,0,0,13
13135050720,0,0,0,0,0,0,0,0,0,13
13135050721,0,0,0,0,0,0,0,0,0,13
13135050722,0,0,0,0,0,0,0,0,0,13
13135050723,0,0,0,0,0,0,0,0,0,13
13135050724,0,0,0,0,0,0,0,0,0,13
13135050725,0,0,0,0,0,0,0,0,0,13
13135050726,0,0,0,0,0,0,0,0,0,13
13135050727,0,0,0,0,0,0,0,0,0,13
13135050728,0,0,0,0,0,0,0,0,0,13
13135050729,0,0,0,0,0,0,0,0,0,13
13135050730,0,0,0,0,0,0,0,0,0,13
13135050731,0,0,0,0,0,0,0,0,0,13
13137000100,1,1,1,1,1,1,1,1,0,13
13137000201,0,1,1,1,1,1,1,1,0,13
13137000202,0,1,1,1,1,1,1,1,0,13
13137000300,1,1,1,1,1,1,1,1,0,13
13137000400,1,1,1,1,1,1,1,1,0,13
13137000500,1,1,1,1,1,1,1,1,0,13
13137000601,1,1,1,1,1,1,1,1,0,13
13137000602,1,1,1,1,1,1,1,1,0,13
13139000101,0,1,0,0,0,0,0,0,0,13
13139000102,0,1,0,0,0,0,0,0,0,13
13139000201,0,1,0,0,0,0,0,0,0,13
13139000203,0,0,0,0,0,0,0,0,0,13
13139000204,0,0,0,0,0,0,0,0,0,13
13139000302,0,0,0,0,0,0,0,0,0,13
13139000303,0,0,0,0,0,0,0,0,0,13
13139000304,0,0,0,0,0,0,0,0,0,13
13139000305,0,0,0,0,0,0,0,0,0,13
13139000400,0,0,0,0,0,0,0,0,0,13
13139000500,0,0,0,0,0,0,0,0,0,13
13139000600,0,0,0,0,0,0,0,0,0,13
13139000701,0,0,0,0,0,0,0,0,0,13
13139000702,0,0,0,0,0,0,0,0,0,13
13139000800,0,0,0,0,0,0,0,0,0,13
13139000900,0,0,0,0,0,0,0,0,0,13
13139001002,0,0,0,0,0,0,0,0,0,13
13139001003,0,0,0,0,0,0,0,0,0,13
13139001004,0,0,0,0,0,0,0,0,0,13
13139001101,0,0,0,0,0,0,0,0,0,13
13139001102,0,0,0,0,0,0,0,0,0,13
13139001201,0,0,0,0,0,0,0,0,0,13
13139001202,0,0,0,0,0,0,0,0,0,13
13139001301,0,0,0,0,0,0,0,0,0,13
13139001302,0,0,0,0,0,0,0,0,0,13
13139001402,0,0,0,0,0,0,0,0,0,13
13139001403,0,0,0,0,0,0,0,0,0,13
13139001404,0,0,0,0,0,0,0,0,0,13
13139001501,0,0,0,0,0,0,0,0,0,13
13139001502,0,0,0,0,0,0,0,0,0,13
13139001603,0,0,0,0,0,0,0,0,0,13
13139001604,0,0,0,0,0,0,0,0,0,13
13139001605,0,0,0,0,0,0,0,0,0,13
13139001606,0,0,0,0,0,0,0,0,0,13
13139001607,0,0,0,0,0,0,0,0,0,13
13139001608,0,0,0,0,0,0,0,0,0,13
13141480300,1,1,1,1,1,1,1,1,0,13
13141480400,1,1,1,1,1,1,1,1,0,13
13143010100,0,1,1,0,0,0,0,0,0,13
13143010200,0,1,1,0,0,0,0,0,0,13
13143010301,0,1,1,0,0,0,0,0,0,13
13143010302,1,1,1,0,0,0,0,0,0,13
13143010400,1,1,1,0,0,0,0,0,0,13
13145120198,0,1,0,0,0,0,0,0,0,13
13145120200,0,1,0,0,0,0,0,0,0,13
13145120300,0,1,0,0,0,0,0,0,0,13
13145120401,0,1,0,0,0,0,0,0,0,13
13145120402,0,1,0,0,0,0,0,0,0,13
13147960100,1,1,1,1,1,1,1,1,0,13
13147960200,1,1,1,1,1,1,1,1,0,13
13147960300,1,1,1,1,1,1,1,1,0,13
13147960400,1,1,1,1,1,1,1,1,0,13
13147960500,1,1,1,1,1,1,1,1,0,13
13149970100,0,1,1,0,0,0,0,0,0,13
13149970200,1,1,1,0,0,0,0,0,0,13
13149970300,1,1,1,0,0,0,0,0,0,13
13151070104,0,0,0,0,0,0,0,0,0,13
13151070106,0,0,0,0,0,0,0,0,0,13
13151070107,0,0,0,0,0,0,0,0,0,13
13151070108,0,0,0,0,0,0,0,0,0,13
13151070109,0,0,0,0,0,0,0,0,0,13
13151070110,0,0,0,0,0,0,0,0,0,13
13151070111,0,0,0,0,0,0,0,0,0,13
13151070113,0,0,0,0,0,0,0,0,0,13
13151070114,0,0,0,0,0,0,0,0,0,13
13151070202,0,0,0,0,0,0,0,0,0,13
13151070203,0,0,0,0,0,0,0,0,0,13
13151070204,0,0,0,0,0,0,0,0,0,13
13151070205,0,0,0,0,0,0,0,0,0,13
13151070304,0,0,0,0,0,0,0,0,0,13
13151070305,0,0,0,0,0,0,0,0,0,13
13151070306,0,0,0,0,0,0,0,0,0,13
13151070307,0,0,0,0,0,0,0,0,0,13
13151070309,0,0,0,0,0,0,0,0,0,13
13151070310,0,0,0,0,0,0,0,0,0,13
13151070311,0,0,0,0,0,0,0,0,0,13
13151070402,0,0,0,0,0,0,0,0,0,13
13151070403,0,0,0,0,0,0,0,0,0,13
13151070404,0,0,0,0,0,0,0,0,0,13
13151070501,0,0,0,0,0,0,0,0,0,13
13151070502,0,0,0,0,0,0,0,0,0,13
13153020105,0,0,0,0,0,0,0,0,0,13
13153020106,0,0,0,0,0,0,0,0,0,13
13153020108,0,0,0,0,0,0,0,0,0,13
13153020109,0,0,0,0,0,0,0,0,0,13
13153020200,0,0,0,0,0,0,0,0,0,13
13153020300,0,0,0,0,0,0,0,0,0,13
13153020400,0,0,0,0,0,0,0,0,0,13
13153020600,0,0,0,0,0,0,0,0,0,13
13153020700,0,0,0,0,0,0,0,0,0,13
13153020800,0,0,0,0,0,0,0,0,0,13
13153020900,0,0,0,0,0,0,0,0,0,13
13153021000,0,0,0,0,0,0,0,0,0,13
13153021103,0,0,0,0,0,0,0,0,0,13
13153021104,0,0,0,0,0,0,0,0,0,13
13153021105,0,0,0,0,0,0,0,0,0,13
13153021107,0,0,0,0,0,0,0,0,0,13
13153021108,0,0,0,0,0,0,0,0,0,13
13153021113,0,0,0,0,0,0,0,0,0,13
13153021201,0,0,0,0,0,0,0,0,0,13
13153021202,0,0,0,0,0,0,0,0,0,13
13153021300,0,0,0,0,0,0,0,0,0,13
13153021400,0,0,0,0,0,0,0,0,0,13
13153021500,0,1,0,0,0,0,0,0,0,13
13155950100,1,1,1,1,1,1,1,1,0,13
13155950200,1,1,1,1,1,1,1,1,1,13
13157010101,0,1,1,1,1,1,1,1,0,13
13157010102,0,1,1,1,1,1,1,1,0,13
13157010103,0,1,1,1,1,1,1,1,0,13
13157010200,0,1,1,1,1,1,1,1,0,13
13157010300,1,1,1,1,1,1,1,1,0,13
13157010400,1,1,1,1,1,1,1,1,0,13
13157010500,0,1,1,1,1,1,1,1,0,13
13157010600,0,1,1,1,1,1,1,1,0,13
13157010701,1,1,1,1,1,1,1,1,0,13
13157010702,1,1,1,1,1,1,1,1,0,13
13157010703,1,1,1,1,1,1,1,1,0,13
13159010100,0,1,1,0,0,0,0,0,0,13
13159010200,0,1,1,0,0,0,0,0,0,13
13159010500,0,1,1,0,0,0,0,0,0,13
13161960100,1,1,1,1,1,1,1,1,1,13
13161960200,1,1,1,1,1,1,1,1,1,13
13161960300,1,1,1,1,1,1,1,1,1,13
13163960100,1,1,1,1,1,1,1,1,0,13
13163960200,1,1,1,1,1,1,1,1,0,13
13163960300,1,1,1,1,1,1,1,1,0,13
13163960400,1,1,1,1,1,1,1,1,0,13
13165960100,1,1,1,1,1,1,1,1,0,13
13165960200,0,1,1,1,1,1,1,1,0,13
13167960100,1,1,1,1,1,1,1,1,1,13
13167960200,1,1,1,1,1,1,1,1,1,13
13167960300,1,1,1,1,1,1,1,1,1,13
13169030101,0,1,0,0,0,0,0,0,0,13
13169030103,0,1,0,0,0,0,0,0,0,13
13169030104,0,0,0,0,0,0,0,0,0,13
13169030200,0,1,0,0,0,0,0,0,0,13
13169030301,0,0,0,0,0,0,0,0,0,13
13169030302,0,1,0,0,0,0,0,0,0,13
13171970100,0,1,1,0,0,0,0,0,0,13
13171970200,0,1,1,0,0,0,0,0,0,13
13171970300,0,1,1,0,0,0,0,0,0,13
13173950100,0,1,1,0,0,0,0,0,0,13
13173950200,0,1,1,0,0,0,0,0,0,13
13175950100,1,1,1,1,1,1,1,1,1,13
13175950201,1,1,1,1,1,1,1,1,0,13
13175950202,1,1,1,1,1,1,1,1,0,13
13175950300,1,1,1,1,1,1,1,1,0,13
13175950400,1,1,1,1,1,1,1,1,0,13
13175950500,1,1,1,1,1,1,1,1,0,13
13175950600,1,1,1,1,1,1,1,1,0,13
13175950700,1,1,1,1,1,1,1,1,0,13
13175950800,1,1,1,1,1,1,1,1,0,13
13175950900,1,1,1,1,1,1,1,1,0,13
13175951000,1,1,1,1,1,1,1,1,0,13
13175951100,1,1,1,1,1,1,1,1,0,13
13175951400,1,1,1,1,1,1,1,1,0,13
13177020100,0,0,0,0,0,0,0,0,0,13
13177020200,0,1,0,0,0,0,0,0,0,13
13177020300,0,1,0,0,0,0,0,0,0,13
13177020402,0,0,0,0,0,0,0,0,0,13
13177020403,0,0,0,0,0,0,0,0,0,13
13179010101,0,0,0,0,0,0,0,0,0,13
13179010102,0,0,0,0,0,0,0,0,0,13
13179010103,0,0,0,0,0,0,0,0,0,13
13179010202,0,0,0,0,0,0,0,0,0,13
13179010204,0,0,0,0,0,0,0,0,0,13
13179010205,0,0,0,0,0,0,0,0,0,13
13179010206,0,0,0,0,0,0,0,0,0,13
13179010207,0,0,0,0,0,0,0,0,0,13
13179010208,0,0,0,0,0,0,0,0,0,13
13179010300,0,0,0,0,0,0,0,0,0,13
13179010400,0,0,0,0,0,0,0,0,0,13
13179010501,0,1,0,0,0,0,0,0,0,13
13179010502,0,1,0,0,0,0,0,0,0,13
13179010600,0,1,0,0,0,0,0,0,0,13
13179990000,1,1,0,0,0,0,0,0,NA,13
13181970100,0,1,1,0,0,0,0,0,0,13
13181970200,0,1,1,0,0,0,0,0,0,13
13183970100,0,1,0,0,0,0,0,0,0,13
13183970200,0,1,0,0,0,0,0,0,0,13
13183980000,1,1,1,0,0,0,0,0,NA,13
13185010101,0,0,0,0,0,0,0,0,0,13
13185010102,0,0,0,0,0,0,0,0,0,13
13185010103,0,0,0,0,0,0,0,0,0,13
13185010201,0,0,0,0,0,0,0,0,0,13
13185010202,0,0,0,0,0,0,0,0,0,13
13185010301,0,0,0,0,0,0,0,0,0,13
13185010302,0,0,0,0,0,0,0,0,0,13
13185010401,0,0,0,0,0,0,0,0,0,13
13185010402,0,0,0,0,0,0,0,0,0,13
13185010500,0,0,0,0,0,0,0,0,0,13
13185010601,0,0,0,0,0,0,0,0,0,13
13185010604,0,0,0,0,0,0,0,0,0,13
13185010700,0,1,0,0,0,0,0,0,0,13
13185010800,0,0,0,0,0,0,0,0,0,13
13185010900,0,0,0,0,0,0,0,0,0,13
13185011000,0,0,0,0,0,0,0,0,0,13
13185011100,0,0,0,0,0,0,0,0,0,13
13185011200,0,0,0,0,0,0,0,0,0,13
13185011301,0,0,0,0,0,0,0,0,0,13
13185011302,0,0,0,0,0,0,0,0,0,13
13185011401,0,0,0,0,0,0,0,0,0,13
13185011402,0,0,0,0,0,0,0,0,0,13
13185011403,0,1,0,0,0,0,0,0,0,13
13185011500,0,1,0,0,0,0,0,0,0,13
13185011600,0,1,0,0,0,0,0,0,0,13
13187960101,0,1,1,1,1,1,1,1,0,13
13187960102,0,1,1,1,1,1,1,1,0,13
13187960201,0,1,1,1,1,1,1,1,0,13
13187960202,1,1,1,1,1,1,1,1,0,13
13189950100,1,1,1,0,0,0,0,0,0,13
13189950200,1,1,1,0,0,0,0,0,0,13
13189950300,1,1,1,0,0,0,0,0,0,13
13189950400,1,1,1,0,0,0,0,0,0,13
13189950500,0,1,1,0,0,0,0,0,0,13
13191110100,0,1,1,0,0,0,0,0,0,13
13191110200,0,1,1,0,0,0,0,0,0,13
13191110300,0,1,1,0,0,0,0,0,0,13
13191980000,1,1,1,0,0,0,0,0,NA,13
13191990000,1,1,1,0,0,0,0,0,NA,13
13193000100,1,1,1,1,1,1,1,1,0,13
13193000200,1,1,1,1,1,1,1,1,0,13
13193000300,0,1,1,1,1,1,1,1,0,13
13193000400,0,1,1,1,1,1,1,1,0,13
13195020100,0,1,0,0,0,0,0,0,0,13
13195020200,0,1,0,0,0,0,0,0,0,13
13195020300,0,1,0,0,0,0,0,0,0,13
13195020400,0,0,0,0,0,0,0,0,0,13
13195020500,0,0,0,0,0,0,0,0,0,13
13195020600,0,1,0,0,0,0,0,0,0,13
13197920100,0,1,1,0,0,0,0,0,0,13
13197920200,0,1,1,0,0,0,0,0,0,13
13199970500,0,1,1,0,0,0,0,0,0,13
13199970600,1,1,1,0,0,0,0,0,0,13
13199970700,0,1,1,0,0,0,0,0,0,13
13199970800,0,1,1,0,0,0,0,0,0,13
13201950100,1,1,1,1,1,1,1,1,0,13
13201950200,1,1,1,1,1,1,1,1,0,13
13201950300,1,1,1,1,1,1,1,1,0,13
13205090100,0,1,1,1,1,1,1,1,0,13
13205090200,0,1,1,1,1,1,1,1,0,13
13205090300,1,1,1,1,1,1,1,1,0,13
13205090400,1,1,1,1,1,1,1,1,0,13
13205090500,1,1,1,1,1,1,1,1,0,13
13207050101,0,1,0,0,0,0,0,0,0,13
13207050102,0,1,0,0,0,0,0,0,0,13
13207050200,1,1,1,0,0,0,0,0,0,13
13207050301,0,1,0,0,0,0,0,0,0,13
13207050302,0,1,0,0,0,0,0,0,0,13
13209950100,1,1,1,1,1,1,1,1,1,13
13209950200,1,1,1,1,1,1,1,1,1,13
13209950300,1,1,1,1,1,1,1,1,1,13
13211010100,0,1,1,0,0,0,0,0,0,13
13211010200,0,1,1,0,0,0,0,0,0,13
13211010300,0,1,1,0,0,0,0,0,0,13
13211010400,0,1,1,0,0,0,0,0,0,13
13211010500,0,1,1,0,0,0,0,0,0,13
13213010100,0,1,0,0,0,0,0,0,0,13
13213010201,0,1,0,0,0,0,0,0,0,13
13213010202,0,0,0,0,0,0,0,0,0,13
13213010300,0,1,0,0,0,0,0,0,0,13
13213010400,0,0,0,0,0,0,0,0,0,13
13213010500,0,0,0,0,0,0,0,0,0,13
13213010600,0,1,0,0,0,0,0,0,0,13
13213010700,0,1,0,0,0,0,0,0,0,13
13215000200,0,0,0,0,0,0,0,0,0,13
13215000300,0,0,0,0,0,0,0,0,0,13
13215000400,0,0,0,0,0,0,0,0,0,13
13215000800,0,0,0,0,0,0,0,0,0,13
13215000900,0,0,0,0,0,0,0,0,0,13
13215001000,0,0,0,0,0,0,0,0,0,13
13215001100,0,0,0,0,0,0,0,0,0,13
13215001200,0,0,0,0,0,0,0,0,0,13
13215001400,0,0,0,0,0,0,0,0,0,13
13215001600,0,0,0,0,0,0,0,0,0,13
13215001800,0,0,0,0,0,0,0,0,0,13
13215002000,0,0,0,0,0,0,0,0,0,13
13215002100,0,0,0,0,0,0,0,0,0,13
13215002200,0,0,0,0,0,0,0,0,0,13
13215002300,0,0,0,0,0,0,0,0,0,13
13215002400,0,0,0,0,0,0,0,0,0,13
13215002500,0,0,0,0,0,0,0,0,0,13
13215002700,0,0,0,0,0,0,0,0,0,13
13215002800,0,0,0,0,0,0,0,0,0,13
13215002901,0,0,0,0,0,0,0,0,0,13
13215002902,0,0,0,0,0,0,0,0,0,13
13215003000,0,0,0,0,0,0,0,0,0,13
13215003200,0,0,0,0,0,0,0,0,0,13
13215003301,0,0,0,0,0,0,0,0,0,13
13215003302,0,0,0,0,0,0,0,0,0,13
13215003400,0,0,0,0,0,0,0,0,0,13
13215010104,0,0,0,0,0,0,0,0,0,13
13215010106,0,0,0,0,0,0,0,0,0,13
13215010107,0,0,0,0,0,0,0,0,0,13
13215010201,0,0,0,0,0,0,0,0,0,13
13215010203,0,0,0,0,0,0,0,0,0,13
13215010204,0,0,0,0,0,0,0,0,0,13
13215010205,0,0,0,0,0,0,0,0,0,13
13215010301,0,0,0,0,0,0,0,0,0,13
13215010302,0,0,0,0,0,0,0,0,0,13
13215010401,0,0,0,0,0,0,0,0,0,13
13215010402,0,0,0,0,0,0,0,0,0,13
13215010501,0,0,0,0,0,0,0,0,0,13
13215010502,0,0,0,0,0,0,0,0,0,13
13215010602,0,0,0,0,0,0,0,0,0,13
13215010605,0,0,0,0,0,0,0,0,0,13
13215010606,0,0,0,0,0,0,0,0,0,13
13215010607,0,0,0,0,0,0,0,0,0,13
13215010608,0,0,0,0,0,0,0,0,0,13
13215010701,0,0,0,0,0,0,0,0,0,13
13215010702,0,0,0,0,0,0,0,0,0,13
13215010703,0,0,0,0,0,0,0,0,0,13
13215010801,0,0,0,0,0,0,0,0,0,13
13215010802,0,0,0,0,0,0,0,0,0,13
13215011100,0,0,0,0,0,0,0,0,0,13
13215011200,0,0,0,0,0,0,0,0,0,13
13215011400,0,0,0,0,0,0,0,0,0,13
13215011500,0,0,0,0,0,0,0,0,0,13
13217100100,0,0,0,0,0,0,0,0,0,13
13217100201,0,1,0,0,0,0,0,0,0,13
13217100202,0,1,0,0,0,0,0,0,0,13
13217100300,0,0,0,0,0,0,0,0,0,13
13217100400,0,0,0,0,0,0,0,0,0,13
13217100501,0,0,0,0,0,0,0,0,0,13
13217100502,0,0,0,0,0,0,0,0,0,13
13217100600,0,0,0,0,0,0,0,0,0,13
13217100700,0,0,0,0,0,0,0,0,0,13
13217100800,0,0,0,0,0,0,0,0,0,13
13217100901,0,0,0,0,0,0,0,0,0,13
13217100902,0,0,0,0,0,0,0,0,0,13
13217100903,0,0,0,0,0,0,0,0,0,13
13219030100,0,0,0,0,0,0,0,0,0,13
13219030200,0,0,0,0,0,0,0,0,0,13
13219030300,0,0,0,0,0,0,0,0,0,13
13219030400,0,0,0,0,0,0,0,0,0,13
13219030500,0,1,0,0,0,0,0,0,0,13
13219030600,0,1,0,0,0,0,0,0,0,13
13221960100,0,1,0,0,0,0,0,0,0,13
13221960201,0,1,0,0,0,0,0,0,0,13
13221960202,0,1,0,0,0,0,0,0,0,13
13221960300,0,1,0,0,0,0,0,0,0,13
13223120101,0,0,0,0,0,0,0,0,0,13
13223120102,0,0,0,0,0,0,0,0,0,13
13223120103,0,0,0,0,0,0,0,0,0,13
13223120104,0,1,0,0,0,0,0,0,0,13
13223120202,0,0,0,0,0,0,0,0,0,13
13223120203,0,0,0,0,0,0,0,0,0,13
13223120204,0,0,0,0,0,0,0,0,0,13
13223120301,0,0,0,0,0,0,0,0,0,13
13223120302,0,0,0,0,0,0,0,0,0,13
13223120303,0,0,0,0,0,0,0,0,0,13
13223120400,0,0,0,0,0,0,0,0,0,13
13223120501,0,0,0,0,0,0,0,0,0,13
13223120502,0,0,0,0,0,0,0,0,0,13
13223120503,0,0,0,0,0,0,0,0,0,13
13223120601,0,0,0,0,0,0,0,0,0,13
13223120602,0,0,0,0,0,0,0,0,0,13
13223120603,0,0,0,0,0,0,0,0,0,13
13223120604,0,0,0,0,0,0,0,0,0,13
13223120605,0,0,0,0,0,0,0,0,0,13
13225040101,0,1,0,0,0,0,0,0,0,13
13225040102,0,0,0,0,0,0,0,0,0,13
13225040200,1,1,1,0,0,0,0,0,0,13
13225040301,1,1,1,0,0,0,0,0,0,13
13225040302,1,1,1,0,0,0,0,0,0,13
13225040400,1,1,1,0,0,0,0,0,0,13
13227050100,0,0,1,0,0,0,0,0,0,13
13227050200,1,1,1,0,0,0,0,0,0,13
13227050300,0,1,1,0,0,0,0,0,0,13
13227050400,1,1,1,0,0,0,0,0,0,13
13227050500,0,1,1,0,0,0,0,0,0,13
13227050600,0,1,1,0,0,0,0,0,0,13
13229960100,1,1,1,1,1,1,1,1,0,13
13229960200,1,1,1,1,1,1,1,1,0,13
13229960300,1,1,1,1,1,1,1,1,0,13
13229960400,1,1,1,1,1,1,1,1,0,13
13231010100,0,1,0,0,0,0,0,0,0,13
13231010200,0,1,0,0,0,0,0,0,0,13
13231010300,0,1,0,0,0,0,0,0,0,13
13231010400,0,1,0,0,0,0,0,0,0,13
13233010100,0,1,1,1,1,1,1,1,0,13
13233010200,0,1,1,1,1,1,1,1,0,13
13233010300,0,1,1,1,1,1,1,1,0,13
13233010400,0,1,1,1,1,1,1,1,0,13
13233010500,0,1,1,1,1,1,1,1,0,13
13233010600,0,1,1,1,1,1,1,1,0,13
13233010700,0,1,1,1,1,1,1,1,0,13
13235950100,0,1,1,0,0,0,1,0,0,13
13235950200,0,1,1,0,0,0,1,0,0,13
13235950300,0,1,1,0,0,0,1,0,0,13
13237960101,0,1,1,1,1,1,1,1,0,13
13237960102,1,1,1,1,1,1,1,1,0,13
13237960201,1,1,1,1,1,1,1,1,0,13
13237960202,1,1,1,1,1,1,1,1,0,13
13237960300,1,1,1,1,1,1,1,1,0,13
13239960300,1,1,1,1,1,1,1,1,0,13
13241970100,1,1,1,1,1,1,1,1,0,13
13241970201,1,1,1,1,1,1,1,1,0,13
13241970202,1,1,1,1,1,1,1,1,0,13
13241970301,0,1,1,1,1,1,1,1,0,13
13241970302,1,1,1,1,1,1,1,1,0,13
13243790100,0,1,1,1,1,1,1,1,0,13
13243790200,1,1,1,1,1,1,1,1,0,13
13245000100,0,0,0,0,0,0,0,0,0,13
13245000200,0,0,0,0,0,0,0,0,0,13
13245000300,0,0,0,0,0,0,0,0,0,13
13245000600,0,0,0,0,0,0,0,0,0,13
13245000700,0,0,0,0,0,0,0,0,0,13
13245000900,0,0,0,0,0,0,0,0,0,13
13245001000,0,0,0,0,0,0,0,0,0,13
13245001100,0,0,0,0,0,0,0,0,0,13
13245001200,0,0,0,0,0,0,0,0,0,13
13245001300,0,0,0,0,0,0,0,0,0,13
13245001400,0,0,0,0,0,0,0,0,0,13
13245001500,0,0,0,0,0,0,0,0,0,13
13245001601,0,0,0,0,0,0,0,0,0,13
13245001602,0,0,0,0,0,0,0,0,0,13
13245010101,0,0,0,0,0,0,0,0,0,13
13245010104,0,0,0,0,0,0,0,0,0,13
13245010105,0,0,0,0,0,0,0,0,0,13
13245010106,0,0,0,0,0,0,0,0,0,13
13245010107,0,0,0,0,0,0,0,0,0,13
13245010201,0,0,0,0,0,0,0,0,0,13
13245010203,0,0,0,0,0,0,0,0,0,13
13245010204,0,0,0,0,0,0,0,0,0,13
13245010300,0,0,0,0,0,0,0,0,0,13
13245010400,0,0,0,0,0,0,0,0,0,13
13245010504,0,0,0,0,0,0,0,0,0,13
13245010506,0,0,0,0,0,0,0,0,0,13
13245010507,0,0,0,0,0,0,0,0,0,13
13245010508,0,0,0,0,0,0,0,0,0,13
13245010509,0,0,0,0,0,0,0,0,0,13
13245010510,0,0,0,0,0,0,0,0,0,13
13245010511,0,0,0,0,0,0,0,0,0,13
13245010512,0,0,0,0,0,0,0,0,0,13
13245010513,0,0,0,0,0,0,0,0,0,13
13245010600,0,0,0,0,0,0,0,0,0,13
13245010706,0,0,0,0,0,0,0,0,0,13
13245010707,0,0,0,0,0,0,0,0,0,13
13245010708,0,0,0,0,0,0,0,0,0,13
13245010709,0,0,0,0,0,0,0,0,0,13
13245010710,0,0,0,0,0,0,0,0,0,13
13245010711,0,0,0,0,0,0,0,0,0,13
13245010712,0,0,0,0,0,0,0,0,0,13
13245010800,0,0,0,0,0,0,0,0,0,13
13245010903,0,1,0,0,0,0,0,0,0,13
13245010904,0,0,0,0,0,0,0,0,0,13
13245010905,0,1,0,0,0,0,0,0,0,13
13245010906,0,0,0,0,0,0,0,0,0,13
13245011000,0,0,0,0,0,0,0,0,0,13
13247060101,0,0,0,0,0,0,0,0,0,13
13247060102,0,0,0,0,0,0,0,0,0,13
13247060201,0,0,0,0,0,0,0,0,0,13
13247060202,0,0,0,0,0,0,0,0,0,13
13247060304,0,0,0,0,0,0,0,0,0,13
13247060305,0,0,0,0,0,0,0,0,0,13
13247060306,0,0,0,0,0,0,0,0,0,13
13247060307,0,0,0,0,0,0,0,0,0,13
13247060308,0,0,0,0,0,0,0,0,0,13
13247060309,0,0,0,0,0,0,0,0,0,13
13247060403,0,0,0,0,0,0,0,0,0,13
13247060404,0,0,0,0,0,0,0,0,0,13
13247060405,0,0,0,0,0,0,0,0,0,13
13247060406,0,0,0,0,0,0,0,0,0,13
13247060407,0,0,0,0,0,0,0,0,0,13
13249960100,1,1,1,1,1,1,1,1,0,13
13249960200,1,1,1,1,1,1,1,1,0,13
13251970200,1,1,1,1,1,1,1,1,0,13
13251970300,1,1,1,1,1,1,1,1,0,13
13251970400,1,1,1,1,1,1,1,1,0,13
13251970500,0,1,1,1,1,1,1,1,0,13
13251970600,1,1,1,1,1,1,1,1,0,13
13253200100,1,1,1,1,1,1,1,1,0,13
13253200200,1,1,1,1,1,1,1,1,0,13
13253200300,0,1,1,1,1,1,1,1,0,13
13255160100,0,0,0,0,0,0,0,0,0,13
13255160200,0,0,0,0,0,0,0,0,0,13
13255160300,0,0,0,0,0,0,0,0,0,13
13255160400,0,0,0,0,0,0,0,0,0,13
13255160500,0,0,0,0,0,0,0,0,0,13
13255160600,0,1,0,0,0,0,0,0,0,13
13255160700,0,0,0,0,0,0,0,0,0,13
13255160800,0,0,0,0,0,0,0,0,0,13
13255160900,0,0,0,0,0,0,0,0,0,13
13255161000,0,0,0,0,0,0,0,0,0,13
13255161100,0,0,0,0,0,0,0,0,0,13
13255161200,0,0,0,0,0,0,0,0,0,13
13257970100,1,1,1,1,1,1,1,1,0,13
13257970200,1,1,1,1,1,1,1,1,0,13
13257970301,1,1,1,1,1,1,1,1,0,13
13257970302,1,1,1,1,1,1,1,1,0,13
13257970400,1,1,1,1,1,1,1,1,0,13
13259950100,1,1,1,1,1,1,0,1,0,13
13259950400,0,1,1,1,1,1,0,1,0,13
13261950100,1,1,1,1,1,1,1,1,0,13
13261950200,1,1,1,1,1,1,1,1,0,13
13261950300,1,1,1,1,1,1,1,1,0,13
13261950400,1,1,1,1,1,1,1,1,0,13
13261950500,1,1,1,1,1,1,1,1,0,13
13261950600,1,1,1,1,1,1,1,1,0,13
13261950700,1,1,1,1,1,1,1,1,0,13
13261950800,1,1,1,1,1,1,1,1,0,13
13263960100,0,1,1,1,1,1,0,1,0,13
13263960200,0,1,1,1,1,1,0,1,0,13
13263960300,0,1,1,1,1,1,0,1,0,13
13265010200,1,1,1,1,1,1,1,1,0,13
13267950100,1,1,1,1,1,1,1,1,0,13
13267950201,1,1,1,1,1,1,1,1,0,13
13267950202,0,1,1,1,1,1,1,1,0,13
13267950300,1,1,1,1,1,1,1,1,0,13
13267950400,0,1,1,1,1,1,1,1,0,13
13269950100,0,1,1,1,1,1,1,1,0,13
13269950200,1,1,1,1,1,1,1,1,0,13
13269950300,0,1,1,1,1,1,1,1,0,13
13271950100,1,1,1,1,1,1,1,1,1,13
13271950200,1,1,1,1,1,1,1,1,1,13
13271950500,1,1,1,1,1,1,1,1,1,13
13273120200,0,1,1,0,0,0,0,0,0,13
13273120300,0,1,1,0,0,0,0,0,0,13
13273120400,0,1,1,0,0,0,0,0,0,13
13273120500,0,1,1,0,0,0,0,0,0,13
13275960100,1,1,1,1,1,1,1,1,0,13
13275960200,1,1,1,1,1,1,1,1,0,13
13275960300,1,1,1,1,1,1,1,1,0,13
13275960400,1,1,1,1,1,1,1,1,0,13
13275960500,1,1,1,1,1,1,1,1,0,13
13275960600,1,1,1,1,1,1,1,1,0,13
13275960700,1,1,1,1,1,1,1,1,0,13
13275960800,1,1,1,1,1,1,1,1,0,13
13275960900,1,1,1,1,1,1,1,1,0,13
13275961000,1,1,1,1,1,1,1,1,0,13
13275961100,1,1,1,1,1,1,1,1,0,13
13277960100,1,1,1,1,1,1,1,1,0,13
13277960200,1,1,1,1,1,1,1,1,0,13
13277960300,1,1,1,1,1,1,1,1,0,13
13277960400,1,1,1,1,1,1,1,1,0,13
13277960500,1,1,1,1,1,1,1,1,0,13
13277960600,1,1,1,1,1,1,1,1,0,13
13277960700,1,1,1,1,1,1,1,1,0,13
13277960800,1,1,1,1,1,1,1,1,0,13
13277960900,1,1,1,1,1,1,1,1,0,13
13279970100,1,1,1,1,1,1,1,1,0,13
13279970200,1,1,1,1,1,1,1,1,0,13
13279970300,1,1,1,1,1,1,1,1,1,13
13279970400,1,1,1,1,1,1,1,1,0,13
13279970500,1,1,1,1,1,1,1,1,0,13
13279970600,1,1,1,1,1,1,1,1,1,13
13281960100,1,1,1,1,1,1,1,1,0,13
13281960200,1,1,1,1,1,1,1,1,0,13
13281960300,1,1,1,1,1,1,1,1,0,13
13283960100,1,1,1,1,1,1,1,1,1,13
13283960200,1,1,1,1,1,1,1,1,1,13
13285960100,1,1,1,1,1,1,1,1,0,13
13285960201,1,1,1,1,1,1,1,1,0,13
13285960202,1,1,1,1,1,1,1,1,0,13
13285960300,1,1,1,1,1,1,1,1,0,13
13285960400,1,1,1,1,1,1,1,1,0,13
13285960501,1,1,1,1,1,1,1,1,0,13
13285960502,1,1,1,1,1,1,1,1,0,13
13285960600,1,1,1,1,1,1,1,1,0,13
13285960700,1,1,1,1,1,1,1,1,0,13
13285960800,1,1,1,1,1,1,1,1,0,13
13285960901,1,1,1,1,1,1,1,1,0,13
13285960902,1,1,1,1,1,1,1,1,0,13
13285961000,1,1,1,1,1,1,1,1,0,13
13285961100,1,1,1,1,1,1,1,1,0,13
13287970200,1,1,1,1,1,1,1,1,0,13
13287970300,1,1,1,1,1,1,1,1,0,13
13289060100,0,1,1,0,0,0,0,0,0,13
13289060200,0,1,1,0,0,0,0,0,0,13
13291000101,1,1,1,1,1,1,1,1,0,13
13291000102,1,1,1,1,1,1,1,1,0,13
13291000201,1,1,1,1,1,1,1,1,0,13
13291000203,1,1,1,1,1,1,1,1,0,13
13291000204,1,1,1,1,1,1,1,1,0,13
13291000205,1,1,1,1,1,1,1,1,0,13
13293010100,1,1,1,1,1,1,1,1,0,13
13293010201,1,1,1,1,1,1,1,1,0,13
13293010202,1,1,1,1,1,1,1,1,0,13
13293010300,0,1,1,1,1,1,1,1,0,13
13293010400,1,1,1,1,1,1,1,1,0,13
13293010500,1,1,1,1,1,1,1,1,0,13
13293010600,1,1,1,1,1,1,1,1,0,13
13295020100,0,0,0,0,0,0,0,0,0,13
13295020200,0,0,0,0,0,0,0,0,0,13
13295020301,0,0,0,0,0,0,0,0,0,13
13295020302,0,0,0,0,0,0,0,0,0,13
13295020400,0,0,0,0,0,0,0,0,0,13
13295020501,0,0,0,0,0,0,0,0,0,13
13295020502,0,0,0,0,0,0,0,0,0,13
13295020601,0,0,0,0,0,0,0,0,0,13
13295020602,0,1,0,0,0,0,0,0,0,13
13295020700,1,1,1,0,0,0,0,0,0,13
13295020800,0,1,0,0,0,0,0,0,0,13
13295020901,1,1,1,0,0,0,0,0,0,13
13295020902,0,1,0,0,0,0,0,0,0,13
13297110100,0,0,0,0,0,0,0,0,0,13
13297110200,1,1,1,0,0,0,0,0,0,13
13297110300,1,1,1,0,0,0,0,0,0,13
13297110400,1,1,1,0,0,0,0,0,0,13
13297110503,0,0,0,0,0,0,0,0,0,13
13297110504,0,0,0,0,0,0,0,0,0,13
13297110505,0,0,0,0,0,0,0,0,0,13
13297110506,0,0,0,0,0,0,0,0,0,13
13297110507,0,0,0,0,0,0,0,0,0,13
13297110508,0,0,0,0,0,0,0,0,0,13
13297110601,0,0,0,0,0,0,0,0,0,13
13297110602,0,1,0,0,0,0,0,0,0,13
13297110603,0,0,0,0,0,0,0,0,0,13
13297110700,1,1,1,0,0,0,0,0,0,13
13297110800,0,1,0,0,0,0,0,0,0,13
13299950100,1,1,1,1,1,1,1,1,0,13
13299950200,1,1,1,1,1,1,1,1,0,13
13299950300,1,1,1,1,1,1,1,1,0,13
13299950400,1,1,1,1,1,1,1,1,0,13
13299950500,1,1,1,1,1,1,1,1,0,13
13299950600,1,1,1,1,1,1,1,1,0,13
13299950700,1,1,1,1,1,1,1,1,0,13
13299950800,1,1,1,1,1,1,1,1,0,13
13299950900,1,1,1,1,1,1,1,1,0,13
13301970400,1,1,1,1,1,1,1,1,0,13
13301970500,1,1,1,1,1,1,1,1,0,13
13303950100,1,1,1,1,1,1,1,1,0,13
13303950300,1,1,1,1,1,1,1,1,0,13
13303950400,1,1,1,1,1,1,1,1,0,13
13303950500,1,1,1,1,1,1,1,1,0,13
13303950700,1,1,1,1,1,1,1,1,0,13
13305970100,1,1,1,1,1,1,1,1,0,13
13305970200,1,1,1,1,1,1,1,1,0,13
13305970300,1,1,1,1,1,1,1,1,0,13
13305970400,1,1,1,1,1,1,1,1,0,13
13305970500,1,1,1,1,1,1,1,1,0,13
13305970600,1,1,1,1,1,1,1,1,0,13
13307960100,0,1,1,1,1,1,1,1,0,13
13307960200,0,1,1,1,1,1,1,1,0,13
13309780100,1,1,1,1,1,1,1,1,1,13
13309780200,1,1,1,1,1,1,1,1,1,13
13311950100,0,1,1,1,1,1,1,1,0,13
13311950201,0,1,1,1,1,1,1,1,0,13
13311950202,0,1,1,1,1,1,1,1,0,13
13311950203,0,1,1,1,1,1,1,1,0,13
13311950300,0,1,1,1,1,1,1,1,0,13
13313000101,0,1,0,0,0,0,0,0,0,13
13313000102,0,0,0,0,0,0,0,0,0,13
13313000200,0,0,0,0,0,0,0,0,0,13
13313000301,0,0,0,0,0,0,0,0,0,13
13313000302,0,0,0,0,0,0,0,0,0,13
13313000400,0,0,0,0,0,0,0,0,0,13
13313000501,0,0,0,0,0,0,0,0,0,13
13313000502,0,0,0,0,0,0,0,0,0,13
13313000600,0,0,0,0,0,0,0,0,0,13
13313000700,0,1,0,0,0,0,0,0,0,13
13313000800,0,0,0,0,0,0,0,0,0,13
13313000900,0,0,0,0,0,0,0,0,0,13
13313001000,0,0,0,0,0,0,0,0,0,13
13313001100,0,0,0,0,0,0,0,0,0,13
13313001200,0,0,0,0,0,0,0,0,0,13
13313001300,0,0,0,0,0,0,0,0,0,13
13313001400,0,0,0,0,0,0,0,0,0,13
13313001500,0,0,0,0,0,0,0,0,0,13
13315960100,1,1,1,1,1,1,1,1,1,13
13315960200,0,1,1,1,1,1,1,1,0,13
13315960300,1,1,1,1,1,1,1,1,0,13
13315960400,1,1,1,1,1,1,1,1,0,13
13317010101,1,1,1,1,1,1,1,1,0,13
13317010102,1,1,1,1,1,1,1,1,0,13
13317010301,1,1,1,1,1,1,1,1,0,13
13317010302,1,1,1,1,1,1,1,1,0,13
13319960200,1,1,1,1,1,1,1,1,0,13
13319960300,0,1,1,1,1,1,1,1,0,13
13319960400,1,1,1,1,1,1,1,1,0,13
13321950100,0,1,1,0,0,0,0,0,0,13
13321950200,0,1,1,0,0,0,0,0,0,13
13321950400,1,1,1,0,0,0,0,0,0,13
13321950500,0,1,1,0,0,0,0,0,0,13
13321950600,0,1,1,0,0,0,0,0,0,13
